n,budget,pool_cap,optimal_dynamic,optimal_static,optimal_static_nonoverlap,static_nonoverlap_greedy,exact_joint_greedy,marginal_product_greedy,adaptivity_gap,static_fraction_dynamic,static_nonoverlap_fraction_dynamic,static_greedy_fraction_dynamic,exact_joint_fraction_dynamic,marginal_product_fraction_dynamic,exact_minus_marginal,root_choices_differ,dynamic_states,exact_greedy_states,marginal_greedy_states,runtime_seconds,setting,instance,seed,utilities,health_probabilities
4,2,4,0.8469550063279256,0.8469550063279256,0.8469550063279256,0.8469550063279256,0.8469550063279256,0.8469550063279256,1.0,1.0,1.0,1.0,1.0,1.0,0.0,0,162,7,7,0.0006335829384624958,random_n4_b2_g4,0,20260830,"(1.5203395409840648, 0.5051251134525029, 0.5882924884155655, 1.047487008478178)","(0.09968588340473931, 0.254603191591068, 0.14400117770922544, 0.6638732609391216)"
4,2,4,2.1175037471405083,2.1175037471405083,2.1175037471405083,2.004194301923045,2.1048119679038093,2.1048119679038093,1.0,1.0,1.0,0.9464891406352989,0.9940062541783748,0.9940062541783748,0.0,0,162,7,7,0.0005789161659777164,random_n4_b2_g4,1,20260830,"(0.18661265529414595, 1.7148404294477322, 0.5271938766502352, 0.4778564549466306)","(0.3059521659340475, 0.8527377388309819, 0.7602023493664165, 0.8575378315616103)"
4,2,4,1.63794881184085,1.6303522726231288,1.6303522726231288,1.5124667641240876,1.63794881184085,1.63794881184085,1.004659446516733,0.9953621632356241,0.9953621632356241,0.9233907391918211,1.0,1.0,0.0,0,162,7,7,0.000545416958630085,random_n4_b2_g4,2,20260830,"(1.264938095026344, 0.2529501134779306, 0.7403368164992012, 0.16371093936970482)","(0.7542574655780674, 0.5173912935745028, 0.9134535199170924, 0.5836933713931647)"
4,2,4,1.5934972863481103,1.5380773370130632,1.5380773370130634,1.3978617479907907,1.5934972863481103,1.5934972863481103,1.0360319653644154,0.965221183738533,0.9652211837385332,0.877228822393751,1.0,1.0,0.0,0,162,7,7,0.0006172917783260345,random_n4_b2_g4,3,20260830,"(0.20920421569980432, 0.2633345988749398, 1.261110731180243, 0.24861331691359248)","(0.6505807349666523, 0.8885545586539425, 0.8978795014981161, 0.8919708122360714)"
4,2,4,0.5176919994047992,0.5176919994047992,0.5176919994047992,0.5176919994047992,0.5176919994047992,0.5176919994047992,1.0,1.0,1.0,1.0,1.0,1.0,0.0,0,162,7,7,0.0005233753472566605,random_n4_b2_g4,4,20260830,"(0.20258876897341835, 0.30992619448887804, 1.2272784885083536, 1.383216147503176)","(0.3605683353724294, 0.7203549829085124, 0.09663533723739717, 0.21286269785264134)"
4,2,4,0.41986528481917473,0.41986528481917473,0.41986528481917473,0.41986528481917473,0.4198652848191747,0.4198652848191747,1.0,1.0,1.0,1.0,0.9999999999999999,0.9999999999999999,0.0,0,162,7,7,0.0005275420844554901,random_n4_b2_g4,5,20260830,"(0.12416898551521337, 0.24395630054510456, 0.4614965655892312, 0.4046158293132117)","(0.2773980725102722, 0.1683183244922495, 0.41030618866216606, 0.5697018534911066)"
4,2,4,0.5308344403088961,0.5308344403088961,0.5308344403088961,0.5308344403088961,0.5308344403088963,0.5308344403088963,1.0,1.0,1.0,1.0,1.0000000000000002,1.0000000000000002,0.0,0,162,7,7,0.0005238340236246586,random_n4_b2_g4,6,20260830,"(0.24244654975213675, 0.16535214531989628, 0.5611323794312711, 0.13868392430030224)","(0.5426541776468705, 0.16695464627356815, 0.7115429831985535, 0.28125210162968134)"
4,2,4,0.9266170415681338,0.9266170415681336,0.9266170415681336,0.9266170415681336,0.9266170415681338,0.9266170415681338,1.0000000000000002,0.9999999999999998,0.9999999999999998,0.9999999999999998,1.0,1.0,0.0,0,162,7,7,0.0005309158004820347,random_n4_b2_g4,7,20260830,"(0.11016251027697344, 1.3133652097134396, 0.15356246942650595, 0.7847703305688578)","(0.8370117231679931, 0.5717136002721211, 0.7961745616074724, 0.08340664668756373)"
4,2,4,1.4334519127384993,1.4334519127384993,1.4334519127384993,1.2969803523565808,1.4171931755149203,1.4171931755149203,1.0,1.0,1.0,0.9047951597335414,0.9886576333122205,0.9886576333122205,0.0,0,162,7,7,0.0005284161306917667,random_n4_b2_g4,8,20260830,"(0.5524552041286206, 1.3132467278849869, 0.6432260753911135, 0.9422734305660447)","(0.8148092278161156, 0.7487597673615376, 0.061040411704526454, 0.1684462014635983)"
4,2,4,1.5877801449302589,1.5877801449302587,1.5877801449302587,1.297590980878451,1.494801531492996,1.494801531492996,1.0000000000000002,0.9999999999999999,0.9999999999999999,0.8172359284260012,0.941441128525167,0.941441128525167,0.0,0,162,7,7,0.0005243332125246525,random_n4_b2_g4,9,20260830,"(0.5491060198972956, 0.3086781944826205, 0.12770905334278793, 1.7150139650101115)","(0.7913622418299762, 0.18208476873132617, 0.72633715542683, 0.6724367250357638)"
4,2,4,0.6576173625655761,0.6576173625655762,0.6576173625655762,0.6576173625655762,0.6576173625655761,0.6576173625655761,0.9999999999999998,1.0000000000000002,1.0000000000000002,1.0000000000000002,1.0,1.0,0.0,0,162,7,7,0.0005936659872531891,random_n4_b2_g4,10,20260830,"(1.3862450933849149, 0.10649708128293951, 0.21010224224691337, 0.2247024892464087)","(0.35663316290363556, 0.8813496087249495, 0.24456141218898558, 0.5592152440563833)"
4,2,4,0.640681896970362,0.640681896970362,0.640681896970362,0.640681896970362,0.640681896970362,0.640681896970362,1.0,1.0,1.0,1.0,1.0,1.0,0.0,0,162,7,7,0.0005259579047560692,random_n4_b2_g4,11,20260830,"(0.6335713468323557, 1.659585082469168, 0.12728191440939599, 0.10492257656434706)","(0.40008896148971634, 0.2326356093160699, 0.836385644024251, 0.7614995522866278)"
4,2,4,0.5847542312124803,0.5781941276881538,0.5781941276881538,0.5160139419964506,0.5847542312124803,0.5847542312124803,1.011345849447756,0.9887814347050997,0.9887814347050997,0.882445845541814,1.0,1.0,0.0,0,162,7,7,0.0005203746259212494,random_n4_b2_g4,12,20260830,"(0.15888978719164026, 0.11354652868293762, 0.3850298074617557, 0.3515107761654578)","(0.41841801794926625, 0.6146712074784736, 0.8557911646201047, 0.7074861916322707)"
4,2,4,2.403310450334865,2.4033104503348652,2.403310450334865,2.403310450334865,2.4033104503348657,2.4033104503348657,0.9999999999999998,1.0000000000000002,1.0,1.0,1.0000000000000004,1.0000000000000004,0.0,0,162,7,7,0.0005430001765489578,random_n4_b2_g4,13,20260830,"(0.27278857803678025, 0.9078608154169487, 1.5905712663112306, 0.9481680898901019)","(0.8819752841308818, 0.7236290608423497, 0.775462537369008, 0.8380125003068624)"
4,2,4,1.5825837578904456,1.5635029509181275,1.5635029509181275,1.5635029509181275,1.5635029509181273,1.5635029509181273,1.012203882929107,0.9879432561612079,0.9879432561612079,0.9879432561612079,0.9879432561612078,0.9879432561612078,0.0,0,162,7,7,0.0005182917229831219,random_n4_b2_g4,14,20260830,"(0.40187760951388757, 1.6200236026220827, 0.2497736730575901, 0.2513668302875699)","(0.5796215722337528, 0.8213250824818624, 0.5104909947680878, 0.20631280068073216)"
4,2,4,0.8552202682632114,0.8299998342895711,0.7896656754839289,0.7734514395603604,0.8552202682632114,0.8552202682632114,1.0303860710950954,0.9705100137244664,0.9233477091084249,0.9043885748066895,1.0,1.0,0.0,0,162,7,7,0.0005047498270869255,random_n4_b2_g4,15,20260830,"(0.11244873733560275, 0.5973279210021334, 0.4633686503346543, 0.48071718793776397)","(0.8038024157329112, 0.8311674684967875, 0.4898155491568158, 0.6098931905885877)"
4,2,4,0.634985237243745,0.626129719284752,0.6202743923333562,0.6108146388522897,0.634985237243745,0.634985237243745,1.0141432640653265,0.9860539782036009,0.9768327765000592,0.9619351805777854,1.0,1.0,0.0,0,162,7,7,0.000506250187754631,random_n4_b2_g4,16,20260830,"(0.5919737265883241, 0.24454372706249256, 0.27115477872612975, 0.23954678167528906)","(0.6915250086746894, 0.4274851853207153, 0.37702990748434356, 0.880453306215026)"
4,2,4,1.3879484981651276,1.3879484981651273,1.3879484981651273,1.2567054984548618,1.338414851139182,1.338414851139182,1.0000000000000002,0.9999999999999999,0.9999999999999999,0.9054410160868581,0.9643116101992046,0.9643116101992046,0.0,0,162,7,7,0.0004953332245349884,random_n4_b2_g4,17,20260830,"(0.6731331687041651, 0.9337785865080027, 0.18401600768316667, 0.26658619300811204)","(0.8434009205588474, 0.758611116250269, 0.34891798476119007, 0.8574411180208785)"
4,2,4,0.41226850385795555,0.41226850385795555,0.41226850385795555,0.40596798155003766,0.40596798155003766,0.40596798155003766,1.0,1.0,1.0,0.9847174299056115,0.9847174299056115,0.9847174299056115,0.0,0,162,7,7,0.0004962082020938396,random_n4_b2_g4,18,20260830,"(0.22342875713756202, 0.3316905814704537, 0.298289715260852, 0.16122962471542876)","(0.6500829878285155, 0.22641587589094764, 0.734829804495446, 0.772120414922608)"
4,2,4,0.3047172487755594,0.3044385910909084,0.3044385910909084,0.3044385910909084,0.3044385910909084,0.3044385910909084,1.000915316562373,0.9990855204758814,0.9990855204758814,0.9990855204758814,0.9990855204758814,0.9990855204758814,0.0,0,162,7,7,0.001932166051119566,random_n4_b2_g4,19,20260830,"(0.25499735424861136, 0.1822676447575008, 0.266440416661048, 0.11879840544734752)","(0.37979750774928867, 0.4017709599508899, 0.7791281595566273, 0.5211764121000939)"
4,2,4,0.3561958333601957,0.3551726290291816,0.3551726290291817,0.3551726290291817,0.3561958333601957,0.3561958333601957,1.0028808648172325,0.9971274107241468,0.9971274107241469,0.9971274107241469,1.0,1.0,0.0,0,162,7,7,0.000499458983540535,random_n4_b2_g4,20,20260830,"(0.4383046410520224, 0.15279239973672928, 0.154525509824416, 0.16861796525038197)","(0.2277283932376004, 0.38102565248584247, 0.932351300558316, 0.847568613531312)"
4,2,4,1.5127289894689873,1.5127289894689873,1.5127289894689873,1.5127289894689873,1.5127289894689868,1.5127289894689868,1.0,1.0,1.0,1.0,0.9999999999999997,0.9999999999999997,0.0,0,162,7,7,0.0005001667886972427,random_n4_b2_g4,21,20260830,"(1.429145455060361, 0.742639376008026, 1.577289857140853, 1.3406580909962256)","(0.4764521356902178, 0.5503406814178371, 0.13631738516573583, 0.6204487115543404)"
4,2,4,2.2707091813404805,2.2707091813404796,2.2707091813404796,2.0604925081912864,2.216712759759914,2.216712759759914,1.0000000000000004,0.9999999999999996,0.9999999999999996,0.9074224586412709,0.9762204592185202,0.9762204592185202,0.0,0,162,7,7,0.0004897080361843109,random_n4_b2_g4,22,20260830,"(0.8398262115453584, 0.10579401620486316, 1.9691530373712982, 0.2741869738667963)","(0.9196913729098996, 0.376008465707244, 0.7608998546089583, 0.3457071706227672)"
4,2,4,0.7672891874117747,0.7672891874117747,0.7672891874117747,0.7672891874117747,0.7672891874117747,0.7672891874117747,1.0,1.0,1.0,1.0,1.0,1.0,0.0,0,162,7,7,0.0004993332549929619,random_n4_b2_g4,23,20260830,"(0.11126106763103362, 1.2946428377406096, 0.20051679501370673, 0.26262707208095637)","(0.18552083358946586, 0.4545088754090807, 0.2468945623728241, 0.681051369748865)"
4,2,4,0.3734190611281042,0.3724924772212857,0.37249247722128576,0.37249247722128576,0.3734190611281042,0.3734190611281042,1.002487523811838,0.997518648608833,0.9975186486088332,0.9975186486088332,1.0,1.0,0.0,0,162,7,7,0.0004961248487234116,random_n4_b2_g4,24,20260830,"(0.13603357980831524, 0.15922239666535903, 0.31301693950371595, 0.1981241269192185)","(0.8569211322871899, 0.28182324402767517, 0.35864089240554, 0.9087994080104878)"
4,2,4,1.1954100487561048,1.195410048756105,1.195410048756105,0.840123226744959,1.0717769567599091,1.0717769567599091,0.9999999999999998,1.0000000000000002,1.0000000000000002,0.7027908353448736,0.896576833928372,0.896576833928372,0.0,0,162,7,7,0.000520666129887104,random_n4_b2_g4,25,20260830,"(0.19989736606058975, 0.8631956592075173, 1.2649379176788953, 0.23015240703232062)","(0.7212164741143305, 0.7077919848212607, 0.46203617716587553, 0.44580266379277855)"
4,2,4,1.6364390521518835,1.5913192746421423,1.5748471389002316,1.4314668993852115,1.6364390521518835,1.6364390521518835,1.028353692579943,0.9724280733520692,0.9623622320851731,0.874745012655902,1.0,1.0,0.0,0,162,7,7,0.0005222922191023827,random_n4_b2_g4,26,20260830,"(0.4142936472662797, 1.333611504482363, 0.18146540914247913, 0.19480623958414406)","(0.803776934872324, 0.9205654855183311, 0.07368570730368451, 0.7091182334086524)"
4,2,4,0.4672922815252611,0.46531488134516297,0.4500613117157256,0.4500613117157256,0.4672922815252611,0.4672922815252611,1.0042495958314974,0.9957683868142572,0.9631259267683753,0.9631259267683753,1.0,1.0,0.0,0,162,7,7,0.0004932498559355736,random_n4_b2_g4,27,20260830,"(0.44770703739964335, 0.20165782224192538, 0.21680032035041058, 0.4302458071920129)","(0.5209044946021986, 0.36794028133206713, 0.892623472343025, 0.32791551746933817)"
4,2,4,0.39336074360220324,0.3933607436022032,0.3933607436022032,0.3933607436022032,0.3933607436022032,0.3933607436022032,1.0000000000000002,0.9999999999999999,0.9999999999999999,0.9999999999999999,0.9999999999999999,0.9999999999999999,0.0,0,162,7,7,0.0005012918263673782,random_n4_b2_g4,28,20260830,"(0.27661953197919376, 0.361895249428864, 1.9136949038645095, 0.119445675699956)","(0.23213642855445077, 0.5164470906780959, 0.10788605565470016, 0.39212823107487654)"
4,2,4,1.5545145174447,1.5390814744942813,1.5390814744942813,1.5390814744942813,1.5390814744942816,1.5390814744942816,1.0100274372774771,0.9900721139769172,0.9900721139769172,0.9900721139769172,0.9900721139769173,0.9900721139769173,0.0,0,162,7,7,0.0004913331940770149,random_n4_b2_g4,29,20260830,"(1.5762739142054094, 0.40086362984333146, 0.17131519880289484, 1.7248060596219843)","(0.8231164086406495, 0.6027599742436578, 0.6539163161042327, 0.06797848872961135)"
4,2,4,1.2516499042792837,1.2516499042792837,1.2516499042792837,1.2516499042792837,1.2516499042792837,1.2516499042792837,1.0,1.0,1.0,1.0,1.0,1.0,0.0,0,162,7,7,0.000491041224449873,random_n4_b2_g4,30,20260830,"(1.8553547276798847, 0.38860794945785804, 0.33080642996294146, 0.2797900344789017)","(0.5588620175906189, 0.40138808240645835, 0.30327592101632417, 0.7675849435516787)"
4,2,4,0.7223169370912154,0.7223169370912154,0.7223169370912154,0.7223169370912154,0.7223169370912152,0.7223169370912152,1.0,1.0,1.0,1.0,0.9999999999999999,0.9999999999999999,0.0,0,162,7,7,0.0005983752198517323,random_n4_b2_g4,31,20260830,"(0.23618519378007916, 0.9707274618222677, 1.0254070764623753, 1.2298033228471132)","(0.7349840541580962, 0.06500015933807378, 0.535128534247785, 0.12866418651017347)"
4,2,4,0.9612205882782091,0.9612205882782089,0.9612205882782089,0.9612205882782089,0.9612205882782091,0.9612205882782091,1.0000000000000002,0.9999999999999998,0.9999999999999998,0.9999999999999998,1.0,1.0,0.0,0,162,7,7,0.0004827501252293587,random_n4_b2_g4,32,20260830,"(0.6197294923894038, 1.8829596951441612, 0.36465804071603236, 0.3787345627463063)","(0.2919196932587942, 0.39017117196924034, 0.6212505195501312, 0.37631314053811776)"
4,2,4,0.9251754203113413,0.9251754203113413,0.9251754203113413,0.9251754203113413,0.9251754203113414,0.9251754203113414,1.0,1.0,1.0,1.0,1.0000000000000002,1.0000000000000002,0.0,0,162,7,7,0.0004840828478336334,random_n4_b2_g4,33,20260830,"(0.32432400155384933, 0.11842738141442712, 1.328976823847438, 0.14100188355973922)","(0.35806290726965806, 0.48982337093249534, 0.6087743675434604, 0.6100785118831386)"
4,2,4,2.3302616906021063,2.259271635122303,2.2257055214478734,2.074915320367,2.3302616906021063,2.3302616906021063,1.0314216557124882,0.9695355865969454,0.9551311470398772,0.8904215903025344,1.0,1.0,0.0,0,162,7,7,0.00047391699627041817,random_n4_b2_g4,34,20260830,"(0.47418189517805814, 0.22593859825565824, 1.2202645719343657, 1.4833968633907604)","(0.6221560854783426, 0.9217423390039312, 0.9252696933662327, 0.6689351627151284)"
4,2,4,1.1965952872977597,1.1965952872977597,1.1965952872977597,1.1160188420427242,1.171297587887614,1.171297587887614,1.0,1.0,1.0,0.9326619065690964,0.9788586001644091,0.9788586001644091,0.0,0,162,7,7,0.00047570932656526566,random_n4_b2_g4,35,20260830,"(0.2644963527111969, 0.17261273302886054, 0.1837784070878878, 1.2684417376937687)","(0.8933980486275247, 0.7065032173650819, 0.10091510698573708, 0.725848882075536)"
4,2,4,0.8802911942948206,0.8727085660135705,0.8727085660135705,0.8727085660135705,0.8727085660135705,0.8727085660135705,1.0086886144774385,0.9913862272729828,0.9913862272729828,0.9913862272729828,0.9913862272729828,0.9913862272729828,0.0,0,162,7,7,0.00047725019976496696,random_n4_b2_g4,36,20260830,"(0.1937092182863817, 0.521586399463563, 1.0789829359541012, 0.1631217984047436)","(0.41815088993056737, 0.09314264254580501, 0.7227612559349532, 0.5692770984573736)"
4,2,4,1.1699638727764379,1.1699638727764379,1.1699638727764379,0.887115244092946,1.1636002225940543,1.1636002225940543,1.0,1.0,1.0,0.7582415703039919,0.9945608147991083,0.9945608147991083,0.0,0,162,7,7,0.00046850042417645454,random_n4_b2_g4,37,20260830,"(0.435145293855224, 0.7975325282890825, 0.42225078511806824, 1.0844988803063211)","(0.11186052637334509, 0.8574370245698878, 0.38782347694613806, 0.44825307204119735)"
4,2,4,0.46615767643402006,0.46615767643401995,0.46615767643402006,0.46615767643402006,0.46615767643402006,0.46615767643402006,1.0000000000000002,0.9999999999999998,1.0,1.0,1.0,1.0,0.0,0,162,7,7,0.000453166663646698,random_n4_b2_g4,38,20260830,"(0.18647533555462617, 0.9142225809242572, 0.3062590118352058, 0.11028484082468151)","(0.8703822315632442, 0.12584204647608205, 0.8186917042080756, 0.30438107002220033)"
4,2,4,1.31634785785975,1.3163478578597498,1.3113885382625816,1.2919834364494673,1.31634785785975,1.31634785785975,1.0000000000000002,0.9999999999999998,0.9962325159208054,0.9814908944738233,1.0,1.0,0.0,0,162,7,7,0.00045895809307694435,random_n4_b2_g4,39,20260830,"(0.19554741958074234, 0.5288765757068282, 1.3177364902847386, 0.9115361146803462)","(0.949082954213085, 0.1077727663077866, 0.5265498297586345, 0.5877284858176437)"
4,2,4,0.448845306478433,0.44884530647843296,0.4465831438575316,0.4465831438575316,0.44884530647843296,0.44884530647843296,1.0000000000000002,0.9999999999999999,0.994960039487435,0.994960039487435,0.9999999999999999,0.9999999999999999,0.0,0,162,7,7,0.0004577501676976681,random_n4_b2_g4,40,20260830,"(0.21542434599810362, 0.3178738194299449, 0.29238899722027434, 0.1615034716022635)","(0.9049539645872997, 0.2255907690313786, 0.5515986802599555, 0.8364110699749171)"
4,2,4,1.8768812411345468,1.8768812411345468,1.8768812411345468,1.5330167645731985,1.8349135326132857,1.8349135326132857,1.0,1.0,1.0,0.8167894329033374,0.9776396568938521,0.9776396568938521,0.0,0,162,7,7,0.0004632920026779175,random_n4_b2_g4,41,20260830,"(1.8052515203029917, 0.32093484032188274, 0.4429942908243114, 0.9746107178909996)","(0.5078990466732515, 0.8522107683838067, 0.4690714516505623, 0.8695000018997928)"
4,2,4,1.3225730088045171,1.3225730088045171,1.3225730088045171,1.0675760888446657,1.265261518253607,1.265261518253607,1.0,1.0,1.0,0.8071963375463522,0.956666671579277,0.956666671579277,0.0,0,162,7,7,0.00045791640877723694,random_n4_b2_g4,42,20260830,"(0.33941961775004564, 0.5225196934651261, 1.2676091573049926, 0.6639944030183176)","(0.22065690648200764, 0.15416627328051868, 0.5886701066011186, 0.8680335081519245)"
4,2,4,0.833991409527864,0.833991409527864,0.833991409527864,0.7845946538441256,0.7955286621363277,0.7955286621363277,1.0,1.0,1.0,0.940770666077121,0.9538811228123912,0.9538811228123912,0.0,0,162,7,7,0.0005576671101152897,random_n4_b2_g4,43,20260830,"(0.22524708198954974, 0.43692994564340465, 0.8075670985625126, 0.6022094645336316)","(0.8421169729760308, 0.6943028919210953, 0.5533000685279158, 0.3384181921029399)"
4,2,4,2.074253485451309,2.074253485451309,2.074253485451309,1.8689620454093498,1.9720696542600107,1.9720696542600107,1.0,1.0,1.0,0.901028759752913,0.9507370570144827,0.9507370570144827,0.0,0,162,7,7,0.00045783305540680885,random_n4_b2_g4,44,20260830,"(0.2781566360220695, 0.10773281280655365, 0.7378407107242552, 1.7037067334129763)","(0.8737218074994455, 0.5967407057392005, 0.873551370144218, 0.7623394031800642)"
4,2,4,0.350880053612103,0.35088005361210306,0.35088005361210306,0.35088005361210306,0.350880053612103,0.350880053612103,0.9999999999999999,1.0000000000000002,1.0000000000000002,1.0000000000000002,1.0,1.0,0.0,0,162,7,7,0.00045887473970651627,random_n4_b2_g4,45,20260830,"(0.49693984485434, 0.19646778281949792, 0.1682684723869638, 1.2484953486575117)","(0.48828055589612346, 0.22333076323156847, 0.2858466948131385, 0.08669154437465462)"
4,2,4,1.270147668127404,1.270147668127404,1.270147668127404,1.270147668127404,1.270147668127404,1.270147668127404,1.0,1.0,1.0,1.0,1.0,1.0,0.0,0,162,7,7,0.0004592081531882286,random_n4_b2_g4,46,20260830,"(0.7455064904695421, 0.16462190678099956, 1.293447837144361, 0.2342343157482101)","(0.3651226683092081, 0.09535540633348163, 0.7715396944716151, 0.14757672461359267)"
4,2,4,0.8932042609261841,0.8932042609261841,0.8932042609261841,0.8932042609261841,0.8932042609261841,0.8932042609261841,1.0,1.0,1.0,1.0,1.0,1.0,0.0,0,162,7,7,0.00045891711488366127,random_n4_b2_g4,47,20260830,"(0.2725513837638745, 0.17512739546892034, 0.9854542929036145, 0.9987478935860594)","(0.8559417071489235, 0.16566843256105984, 0.36795190229430064, 0.4876170953716572)"
4,2,4,1.2716556045540786,1.2716556045540783,1.2716556045540783,1.1359402716690297,1.2270430580143845,1.2270430580143845,1.0000000000000002,0.9999999999999998,0.9999999999999998,0.8932766604424796,0.9649177447259095,0.9649177447259095,0.0,0,162,7,7,0.000459291972219944,random_n4_b2_g4,48,20260830,"(1.6612097154180836, 0.3868292809473263, 0.49741969373311645, 0.4418019553311218)","(0.437949917183126, 0.8776107845138804, 0.7011732097745909, 0.16704338324336593)"
4,2,4,0.9096247946268075,0.9096247946268073,0.9096247946268073,0.9096247946268073,0.9096247946268073,0.9096247946268073,1.0000000000000002,0.9999999999999999,0.9999999999999999,0.9999999999999999,0.9999999999999999,0.9999999999999999,0.0,0,162,7,7,0.0004613748751580715,random_n4_b2_g4,49,20260830,"(0.7835704919178323, 1.0250954004825574, 0.12667558715921673, 0.5926648182318167)","(0.452129690883377, 0.5417537822033294, 0.5065181295953288, 0.44810815363637385)"
4,2,4,0.7215039140438453,0.7215039140438455,0.7215039140438455,0.7215039140438455,0.7215039140438453,0.7215039140438453,0.9999999999999997,1.0000000000000002,1.0000000000000002,1.0000000000000002,1.0,1.0,0.0,0,162,7,7,0.00047183409333229065,random_n4_b2_g4,50,20260830,"(0.302908124813433, 0.29009760986573113, 1.9774993822204299, 0.5554707992644565)","(0.4164446220169187, 0.6228954005409364, 0.24585587745895388, 0.42364795514924264)"
4,2,4,2.3716407645338746,2.3716407645338746,2.3716407645338746,1.992237459354174,2.2479835213661916,2.195327510030835,1.0,1.0,1.0,0.8400249688513559,0.9478600448192301,0.9256576893348802,0.05265601133535647,0,162,7,7,0.00046116579324007034,random_n4_b2_g4,51,20260830,"(0.899813440525042, 1.3395951837858944, 0.751339471849835, 0.15694666460136786)","(0.8702059897862426, 0.8512604304586479, 0.8569455809926203, 0.5970620362635392)"
4,2,4,0.5956632501859171,0.5956632501859171,0.5956632501859171,0.5956632501859171,0.5956632501859171,0.5956632501859171,1.0,1.0,1.0,1.0,1.0,1.0,0.0,0,162,7,7,0.0004309169016778469,random_n4_b2_g4,52,20260830,"(0.4288153457007196, 0.12900423806360142, 0.5215983712638174, 1.678945415884788)","(0.7113768185101254, 0.6966484749352602, 0.08072538284291822, 0.17309315185798874)"
4,2,4,0.40502319428995787,0.4050231942899579,0.4050231942899579,0.4050231942899579,0.40502319428995787,0.40502319428995787,0.9999999999999999,1.0000000000000002,1.0000000000000002,1.0000000000000002,1.0,1.0,0.0,0,162,7,7,0.0004499168135225773,random_n4_b2_g4,53,20260830,"(0.34731360248234067, 1.64326750955475, 0.23926352494227962, 1.2516358731010062)","(0.16262102729350553, 0.16256165324868904, 0.2870901788095383, 0.11016855154946019)"
4,2,4,1.0739567683760562,1.0596184989722337,1.0545374507556136,1.0545374507556136,1.0739567683760562,1.0739567683760562,1.0135315393396112,0.9866491186367737,0.9819179708231581,0.9819179708231581,1.0,1.0,0.0,0,162,7,7,0.0005365419201552868,random_n4_b2_g4,54,20260830,"(0.6272636977033308, 0.31317705470826884, 1.110148156397646, 0.745904855739803)","(0.4664773768282671, 0.8409192346958422, 0.17526410540484355, 0.8555256190390962)"
4,2,4,1.3133666244010884,1.3063364454857214,1.306289386797486,1.169531073181633,1.3133666244010884,1.3133666244010884,1.0053815990051116,0.9946472075772651,0.9946113769970135,0.8904833208434498,1.0,1.0,0.0,0,162,7,7,0.00040004216134548187,random_n4_b2_g4,55,20260830,"(0.12940628980340826, 0.7518653453217339, 0.8576006457275542, 0.2131136532868036)","(0.8198060045850443, 0.8999168355789569, 0.7342264812777539, 0.1801698908066151)"
4,2,4,0.8492489459339182,0.8492489459339181,0.8492489459339181,0.8492489459339181,0.8492489459339182,0.8492489459339182,1.0000000000000002,0.9999999999999999,0.9999999999999999,0.9999999999999999,1.0,1.0,0.0,0,162,7,7,0.0004103332757949829,random_n4_b2_g4,56,20260830,"(1.2728387021656455, 0.24744078953898752, 0.11086588753522318, 0.1411986344567947)","(0.572342341076499, 0.11620662083395981, 0.06671138324071943, 0.85517444122739)"
4,2,4,1.5825954611602806,1.5825954611602802,1.5825954611602804,1.5825954611602804,1.5825954611602806,1.5825954611602806,1.0000000000000002,0.9999999999999997,0.9999999999999999,0.9999999999999999,1.0,1.0,0.0,0,162,7,7,0.0003893747925758362,random_n4_b2_g4,57,20260830,"(1.7494243729428887, 0.7181507099734759, 0.4554747251282162, 0.796632524332063)","(0.6574116113049758, 0.534288058999144, 0.2829633758450835, 0.5343966587463587)"
4,2,4,2.545888731286305,2.545888731286305,2.5090342089203803,2.5090342089203803,2.545888731286305,2.545888731286305,1.0,1.0,0.9855239068726683,0.9855239068726683,1.0,1.0,0.0,0,162,7,7,0.0003838748671114445,random_n4_b2_g4,58,20260830,"(1.5368575615749653, 0.8215262061999924, 1.0921340091717777, 0.24853050431159607)","(0.8465187164461376, 0.6485877992518135, 0.8879850408887633, 0.5280597986382706)"
4,2,4,2.247556863179702,2.2475568631797023,2.2475568631797023,2.113456179265418,2.220282234956981,2.220282234956981,0.9999999999999998,1.0000000000000002,1.0000000000000002,0.9403349093804164,0.9878647661069031,0.9878647661069031,0.0,0,162,7,7,0.0003910423256456852,random_n4_b2_g4,59,20260830,"(0.9119163340308017, 1.0838939641119156, 1.6905664541961258, 1.2214514626141004)","(0.39421720844930663, 0.1374731888772044, 0.7465332070918771, 0.806821143934458)"
4,2,4,1.6102628860415027,1.6102628860415027,1.6102628860415027,1.3103103527130961,1.4823211984712217,1.4823211984712217,1.0,1.0,1.0,0.8137244943490081,0.9205460868040006,0.9205460868040006,0.0,0,162,7,7,0.000470208004117012,random_n4_b2_g4,60,20260830,"(1.169212091575962, 0.3994779643206695, 0.987312400790124, 1.8086223667824672)","(0.689401701668143, 0.12003354780957547, 0.4025830095954579, 0.4446511860454018)"
4,2,4,1.2256340334639615,1.2256340334639613,1.2256340334639615,1.2256340334639615,1.2256340334639613,1.2256340334639613,1.0000000000000002,0.9999999999999998,1.0,1.0,0.9999999999999998,0.9999999999999998,0.0,0,162,7,7,0.00045224977657198906,random_n4_b2_g4,61,20260830,"(0.9582074575112521, 1.9124617317264812, 1.7848973854481995, 0.24724640610302748)","(0.14871615991050846, 0.354902940648229, 0.29287039873103093, 0.9170287771020205)"
4,2,4,1.441481865441317,1.4279295586369756,1.4279295586369756,1.3349793550740998,1.441481865441317,1.441481865441317,1.009490879100001,0.9905983508157472,0.9905983508157472,0.9261159554479647,1.0,1.0,0.0,0,162,7,7,0.0004687500186264515,random_n4_b2_g4,62,20260830,"(0.320796045361508, 0.6362242644854403, 0.2989692628245185, 1.0506298363359405)","(0.11736643198559517, 0.8391656938366742, 0.43622877165378143, 0.8509485942377666)"
4,2,4,0.4365092193767429,0.4365092193767429,0.4365092193767429,0.4365092193767429,0.4365092193767429,0.4365092193767429,1.0,1.0,1.0,1.0,1.0,1.0,0.0,0,162,7,7,0.0004525831900537014,random_n4_b2_g4,63,20260830,"(0.613806436168013, 1.6171346817998078, 0.5285549330816205, 0.14885555848409088)","(0.37705260566281706, 0.12681188867877657, 0.1344668893867856, 0.7965205242393465)"
4,2,4,1.337141139415775,1.3371411394157753,1.3371411394157753,1.3371411394157753,1.337141139415775,1.337141139415775,0.9999999999999999,1.0000000000000002,1.0000000000000002,1.0000000000000002,1.0,1.0,0.0,0,162,7,7,0.0004447079263627529,random_n4_b2_g4,64,20260830,"(0.5711275444495852, 1.41262340645785, 0.3863423563403898, 1.3210148782047222)","(0.6612274055171309, 0.3930016505366966, 0.28563109840394585, 0.5919523102978129)"
4,2,4,0.4727754341457374,0.4727754341457374,0.4727754341457374,0.4727754341457374,0.47277543414573736,0.47277543414573736,1.0,1.0,1.0,1.0,0.9999999999999999,0.9999999999999999,0.0,0,162,7,7,0.00044787535443902016,random_n4_b2_g4,65,20260830,"(1.013297918701379, 0.32775461638884335, 0.612521182639157, 1.3329470384416726)","(0.1589236165521355, 0.6003130940058767, 0.16424692416763037, 0.20707502874932854)"
4,2,4,1.5255753562188272,1.5255753562188272,1.5255753562188272,1.5255753562188272,1.5255753562188272,1.5255753562188272,1.0,1.0,1.0,1.0,1.0,1.0,0.0,0,162,7,7,0.0005657090805470943,random_n4_b2_g4,66,20260830,"(0.2842112138974606, 0.2604225587664178, 0.90035523625087, 1.3863905815980955)","(0.5719263698575404, 0.4381815405303826, 0.5684540842937086, 0.7312259317920526)"
4,2,4,0.3406485230631292,0.3364352211954327,0.3364352211954327,0.3364352211954327,0.3364352211954327,0.3364352211954327,1.0125233673594747,0.9876315275645104,0.9876315275645104,0.9876315275645104,0.9876315275645104,0.9876315275645104,0.0,0,162,7,7,0.0004360000602900982,random_n4_b2_g4,67,20260830,"(0.27380028896964237, 0.3068260225505596, 0.49352690792569515, 0.2716388940392505)","(0.4834625424095755, 0.21959459903215472, 0.20722327528516676, 0.7512290833734833)"
4,2,4,0.6487078594702438,0.6487078594702438,0.6487078594702438,0.6487078594702438,0.6487078594702438,0.6487078594702438,1.0,1.0,1.0,1.0,1.0,1.0,0.0,0,162,7,7,0.0004347912035882473,random_n4_b2_g4,68,20260830,"(0.17629381066273372, 1.1829077103631929, 0.5377728073457371, 0.5460500593743303)","(0.8655405359073042, 0.29652135133932184, 0.4820786823815139, 0.3756441990285833)"
4,2,4,0.2272545768022878,0.22725457680228778,0.22725457680228778,0.22725457680228778,0.2272545768022878,0.2272545768022878,1.0000000000000002,0.9999999999999999,0.9999999999999999,0.9999999999999999,1.0,1.0,0.0,0,162,7,7,0.0004397500306367874,random_n4_b2_g4,69,20260830,"(0.13623433377139021, 0.2917521697749131, 1.100332744267452, 0.26027399312787364)","(0.3082076340243775, 0.5680821681100173, 0.0559061538123245, 0.11674801963774825)"
4,2,4,0.554007117750067,0.5540071177500668,0.5540071177500668,0.5540071177500668,0.554007117750067,0.554007117750067,1.0000000000000002,0.9999999999999998,0.9999999999999998,0.9999999999999998,1.0,1.0,0.0,0,162,7,7,0.00043508317321538925,random_n4_b2_g4,70,20260830,"(0.14972456030605924, 0.3371039554272852, 0.7617323270429501, 0.3312401264360091)","(0.2648236973672478, 0.5773213706227867, 0.4718058921768193, 0.3171573419493653)"
4,2,4,1.4248057571905788,1.3884655168551516,1.3845383748892774,1.3731331719570594,1.4248057571905788,1.4248057571905788,1.0261729512863504,0.9744946002975995,0.9717383354902354,0.9637335931773556,1.0,1.0,0.0,0,162,7,7,0.00043233297765254974,random_n4_b2_g4,71,20260830,"(1.1481162079045688, 0.7199745367235205, 0.6325604949187834, 0.14748852204898857)","(0.7326657050498052, 0.3506800643195961, 0.8589739768929624, 0.32391459496599884)"
4,2,4,0.954729345983456,0.9547293459834563,0.9547293459834563,0.9547293459834563,0.9547293459834563,0.9547293459834563,0.9999999999999998,1.0000000000000002,1.0000000000000002,1.0000000000000002,1.0000000000000002,1.0000000000000002,0.0,0,162,7,7,0.00043116603046655655,random_n4_b2_g4,72,20260830,"(0.7006980498686911, 0.9842514511107471, 0.2661789402077806, 0.3504635408605598)","(0.2733782409836162, 0.7753849331778447, 0.17027273362303247, 0.22217552498102072)"
4,2,4,0.9324193452714065,0.9324193452714064,0.9324193452714064,0.9324193452714064,0.9324193452714064,0.9324193452714064,1.0000000000000002,0.9999999999999999,0.9999999999999999,0.9999999999999999,0.9999999999999999,0.9999999999999999,0.0,0,162,7,7,0.00043462496250867844,random_n4_b2_g4,73,20260830,"(1.3885114665489149, 0.18137959522969435, 0.19928618022220715, 1.145197842053857)","(0.29787723377583136, 0.11469052605139078, 0.6307455819693757, 0.4530338527527488)"
4,2,4,1.2118026491673746,1.1897421180727472,1.1897421180727472,1.1576656727445558,1.2118026491673746,1.2118026491673746,1.0185422796751644,0.9817952773830086,0.9817952773830086,0.9553252532827716,1.0,1.0,0.0,0,162,7,7,0.0004270002245903015,random_n4_b2_g4,74,20260830,"(0.22802585806207806, 1.108533257052825, 0.10829977886175828, 0.23294177652015655)","(0.22571786972872343, 0.9091365079645848, 0.9251091935577755, 0.5763139215080959)"
4,2,4,1.3861217218844195,1.3861217218844197,1.3861217218844197,1.143610013980343,1.2525657066843114,1.2525657066843114,0.9999999999999999,1.0000000000000002,1.0000000000000002,0.825042992923894,0.9036477005651856,0.9036477005651856,0.0,0,162,7,7,0.00043833302333950996,random_n4_b2_g4,75,20260830,"(1.3373802781273538, 0.13346344632716572, 0.8758198366338658, 0.4286853774958144)","(0.5398128372660549, 0.5297412884087996, 0.6939683346409051, 0.7336766336414536)"
4,2,4,2.571920079158933,2.571920079158933,2.571920079158933,1.8784807139520483,2.4973355206218537,2.4973355206218537,1.0,1.0,1.0,0.730380671302332,0.9710004369336896,0.9710004369336896,0.0,0,162,7,7,0.0004270831122994423,random_n4_b2_g4,76,20260830,"(1.936193609624545, 1.9685904150665672, 1.0358020712793912, 0.49807487264050737)","(0.5071659577832858, 0.8076584039580729, 0.26937133778146716, 0.3701443594357037)"
4,2,4,0.1848348983681528,0.1848348983681528,0.1848348983681528,0.1848348983681528,0.1848348983681528,0.1848348983681528,1.0,1.0,1.0,1.0,1.0,1.0,0.0,0,162,7,7,0.000526083167642355,random_n4_b2_g4,77,20260830,"(0.30127212066968195, 0.5945710000557374, 0.3230466753867771, 0.13220310778604716)","(0.07796219567803331, 0.10906139387560157, 0.14188833112924776, 0.9076197855972611)"
4,2,4,1.1311240569080894,1.1241658793918208,1.1241658793918208,1.0472859215389345,1.1311240569080894,1.1311240569080894,1.0061896359281364,0.9938484399887235,0.9938484399887235,0.9258806893398367,1.0,1.0,0.0,0,162,7,7,0.0004253331571817398,random_n4_b2_g4,78,20260830,"(0.7463552673577448, 0.3201901957905081, 0.32596608271677896, 0.6465393771844249)","(0.7641170222696116, 0.42323368012362916, 0.39396754996879996, 0.8566579770518634)"
4,2,4,2.487681972757807,2.4445340202433785,2.4445340202433785,2.4445340202433785,2.487681972757807,2.487681972757807,1.0176507883126669,0.9826553582865758,0.9826553582865758,0.9826553582865758,1.0,1.0,0.0,0,162,7,7,0.0004246663302183151,random_n4_b2_g4,79,20260830,"(1.2122237668412084, 1.7035605188192318, 1.978195740425104, 0.39112086903193866)","(0.7909751196236539, 0.7873090536275372, 0.3178416778715774, 0.33318091745328143)"
4,2,4,0.43355757307096154,0.4335575730709615,0.4335575730709615,0.4335575730709615,0.4335575730709615,0.4335575730709615,1.0000000000000002,0.9999999999999999,0.9999999999999999,0.9999999999999999,0.9999999999999999,0.9999999999999999,0.0,0,162,7,7,0.00042741699144244194,random_n4_b2_g4,80,20260830,"(0.39453503003459195, 0.3778438812216469, 0.14989260919131825, 0.37588826975661255)","(0.28805875465951636, 0.8466679481888466, 0.06734473746518893, 0.08858603304661533)"
4,2,4,0.19144896707206377,0.1914489670720637,0.1914489670720637,0.1914489670720637,0.19144896707206377,0.19144896707206377,1.0000000000000002,0.9999999999999997,0.9999999999999997,0.9999999999999997,1.0,1.0,0.0,0,162,7,7,0.0004305420443415642,random_n4_b2_g4,81,20260830,"(0.14714380660305496, 0.8449783872971274, 0.3953139715532014, 0.7519228762016332)","(0.5565583202452226, 0.09025447913862239, 0.2558316273866817, 0.12011225254529585)"
4,2,4,0.3350785640938039,0.3201393573760143,0.3201393573760143,0.2954990980934986,0.3350785640938039,0.3350785640938039,1.0466646988993702,0.9554158089515764,0.9554158089515764,0.8818800417527599,1.0,1.0,0.0,0,162,7,7,0.00042841723188757896,random_n4_b2_g4,82,20260830,"(0.22202889389696603, 0.14388336592084794, 0.16427791032927633, 0.10978207757086439)","(0.9001304963008752, 0.2842130624345495, 0.732200565969628, 0.25149378255067634)"
4,2,4,1.126510330843108,1.126510330843108,1.126510330843108,1.126510330843108,1.126510330843108,1.126510330843108,1.0,1.0,1.0,1.0,1.0,1.0,0.0,0,162,7,7,0.00042837485671043396,random_n4_b2_g4,83,20260830,"(0.6491775839371784, 1.5787142299657748, 0.1752039672513705, 0.1167293814012433)","(0.17415354261723826, 0.6419488312553688, 0.3690313922279053, 0.7249234123516284)"
4,2,4,0.8493031640384517,0.8405165637404217,0.8405165637404217,0.8405165637404217,0.8405165637404218,0.8405165637404218,1.0104538098082545,0.9896543417355829,0.9896543417355829,0.9896543417355829,0.989654341735583,0.989654341735583,0.0,0,162,7,7,0.00042683305218815804,random_n4_b2_g4,84,20260830,"(1.419093781383086, 0.834065816501445, 1.065889358278751, 0.17586399724822074)","(0.07082885433104466, 0.07137356440427385, 0.689014392486447, 0.6033267567463573)"
4,2,4,0.5504411813042316,0.5504411813042316,0.5504411813042316,0.46282864319957867,0.5404457213227415,0.5404457213227415,1.0,1.0,1.0,0.8408321523163271,0.9818410025975771,0.9818410025975771,0.0,0,162,7,7,0.000425207894295454,random_n4_b2_g4,85,20260830,"(0.4517992579485567, 0.2015162888063545, 0.3075057313020846, 0.11120072649029651)","(0.763770180331904, 0.3747306567469368, 0.6678587085757182, 0.3620801171219282)"
4,2,4,1.783883773256652,1.7588092346258415,1.7588092346258415,1.7588092346258415,1.758809234625841,1.758809234625841,1.0142565425159054,0.9859438495900243,0.9859438495900243,0.9859438495900243,0.9859438495900241,0.9859438495900241,0.0,0,162,7,7,0.00042058294638991356,random_n4_b2_g4,86,20260830,"(0.5832235487971373, 0.10922249309189695, 0.3182309158635148, 1.5524921037579722)","(0.5914016019867738, 0.07397765919406554, 0.325950728303412, 0.910722759960152)"
4,2,4,0.42601461960067877,0.42601461960067866,0.42601461960067866,0.42601461960067866,0.42601461960067877,0.42601461960067877,1.0000000000000002,0.9999999999999998,0.9999999999999998,0.9999999999999998,1.0,1.0,0.0,0,162,7,7,0.000422624871134758,random_n4_b2_g4,87,20260830,"(0.23426316158136215, 1.449870124361386, 0.26587671573964267, 0.2625001288311592)","(0.11198365810082692, 0.1978363415005549, 0.5234667434449427, 0.09420924210192147)"
4,2,4,3.1500742696461406,3.1500742696461406,3.1500742696461406,2.8473881279131708,3.0652072302949134,3.0652072302949134,1.0,1.0,1.0,0.9039114268988421,0.9730587179581767,0.9730587179581767,0.0,0,162,7,7,0.00043058302253484726,random_n4_b2_g4,88,20260830,"(0.48713019664866486, 1.8241845062720132, 1.9618687041716056, 0.12268705320247232)","(0.46850566815261746, 0.8248662508025957, 0.8386728590382978, 0.7480234937892839)"
4,2,4,0.9356765140572555,0.8892376148108481,0.8892376148108481,0.8892376148108481,0.8892376148108481,0.8892376148108481,1.0522232735918235,0.9503686385746284,0.9503686385746284,0.9503686385746284,0.9503686385746284,0.9503686385746284,0.0,0,162,7,7,0.0005171671509742737,random_n4_b2_g4,89,20260830,"(0.6104536316855141, 0.1536250905798711, 1.2843806563335238, 0.6926017005084447)","(0.5014180973163652, 0.17803607026770568, 0.1748558145384343, 0.8419631598985978)"
4,2,4,2.0990558202371896,2.0990558202371896,2.0990558202371896,1.6720210687394634,1.9350379609005082,1.9350379609005082,1.0,1.0,1.0,0.7965586491885328,0.9218611254853871,0.9218611254853871,0.0,0,162,7,7,0.0004182080738246441,random_n4_b2_g4,90,20260830,"(1.8679152618190775, 0.6952769133576433, 1.0426736010794004, 0.22131992031738038)","(0.7033147110584118, 0.13022554930217645, 0.7531825268965495, 0.5883395914630667)"
4,2,4,1.2480526606661142,1.248052660666114,1.248052660666114,1.0317603421487376,1.2127616622526076,1.2127616622526076,1.0000000000000002,0.9999999999999998,0.9999999999999998,0.826696160078745,0.9717231495707312,0.9717231495707312,0.0,0,162,7,7,0.0004165838472545147,random_n4_b2_g4,91,20260830,"(1.0662068647781546, 0.11517844665655293, 0.2174004177473314, 0.6450955595766686)","(0.7525555511997974, 0.23521709186933537, 0.7698635691026182, 0.6711896472164567)"
4,2,4,1.4659365134812816,1.442500496913071,1.442500496913071,1.442500496913071,1.442500496913071,1.442500496913071,1.016246799649888,0.9840129389283339,0.9840129389283339,0.9840129389283339,0.9840129389283339,0.9840129389283339,0.0,0,162,7,7,0.00041954219341278076,random_n4_b2_g4,92,20260830,"(0.1463620111120932, 0.4612979553734472, 1.463533025099564, 0.2657657328128037)","(0.5263974995727799, 0.5654326191127252, 0.8050244526281962, 0.642950795115071)"
4,2,4,1.2813972007028411,1.2813972007028411,1.2813972007028411,1.2813972007028411,1.281397200702841,1.281397200702841,1.0,1.0,1.0,1.0,0.9999999999999998,0.9999999999999998,0.0,0,162,7,7,0.0004225410521030426,random_n4_b2_g4,93,20260830,"(0.8038999542315081, 1.2281438827959956, 1.481542409096199, 0.4948527472832376)","(0.5512165954117325, 0.29182551570097204, 0.5658118186377689, 0.6076086421572553)"
4,2,4,1.0009354850132728,0.9930304163432426,0.9930304163432427,0.9149360508474467,1.0009354850132728,1.0009354850132728,1.0079605503919407,0.992102319491725,0.9921023194917251,0.9140809418254506,1.0,1.0,0.0,0,162,7,7,0.00041791703552007675,random_n4_b2_g4,94,20260830,"(1.0874850757819807, 0.314154016635645, 1.1217957877579934, 0.1738194752590565)","(0.5611250114002867, 0.9420978178526254, 0.15509156248020273, 0.8327163747432511)"
4,2,4,1.14717515667393,1.1471751566739299,1.1471751566739299,1.1471751566739299,1.1471751566739299,1.1471751566739299,1.0000000000000002,0.9999999999999998,0.9999999999999998,0.9999999999999998,0.9999999999999998,0.9999999999999998,0.0,0,162,7,7,0.00043349992483854294,random_n4_b2_g4,95,20260830,"(0.322755134089177, 0.15055823514456776, 0.2427682570056638, 1.1662881576109798)","(0.2940286812330959, 0.1612954090405938, 0.12019194100130798, 0.902243483627542)"
4,2,4,0.36218392620685114,0.36218392620685125,0.36218392620685125,0.36218392620685125,0.36218392620685114,0.36218392620685114,0.9999999999999997,1.0000000000000002,1.0000000000000002,1.0000000000000002,1.0,1.0,0.0,0,162,7,7,0.0004215408116579056,random_n4_b2_g4,96,20260830,"(0.1426302027183726, 0.12813929385403292, 0.12404580328069978, 0.449626363243664)","(0.6092738297186754, 0.44206015157224493, 0.7196516846146931, 0.5454658975393597)"
4,2,4,1.1708075690395225,1.1708075690395225,1.1708075690395225,1.062657668022303,1.1182003889382208,1.1182003889382208,1.0,1.0,1.0,0.9076279451234324,0.9550676118839424,0.9550676118839424,0.0,0,162,7,7,0.00046970881521701813,random_n4_b2_g4,97,20260830,"(0.2014074398172892, 1.3751388645584564, 0.15017741346398242, 0.2400773401970073)","(0.7029979208149522, 0.6548845038598908, 0.5182427683281198, 0.8707563026743743)"
4,2,4,0.5417698225601077,0.5417698225601077,0.5417698225601077,0.47219396791402274,0.5070400553510939,0.5070400553510939,1.0,1.0,1.0,0.8715767254859128,0.9358957148168571,0.9358957148168571,0.0,0,162,7,7,0.0004520830698311329,random_n4_b2_g4,98,20260830,"(0.9740797472665511, 0.3820576085730288, 0.33322027735047954, 0.40381535855860995)","(0.10134572256549998, 0.6889328793646172, 0.23080255922353937, 0.6898147093687156)"
4,2,4,1.3180331354174244,1.3180331354174246,1.3180331354174246,1.1366568295876045,1.2275231791148826,1.2275231791148826,0.9999999999999998,1.0000000000000002,1.0000000000000002,0.8623886600753952,0.9313295289242656,0.9313295289242656,0.0,0,162,7,7,0.00043508317321538925,random_n4_b2_g4,99,20260830,"(0.767646728069509, 0.4771291328832442, 1.9634807466940862, 0.8066802357608026)","(0.7375958983477808, 0.3053657888878655, 0.3398152983891968, 0.5604570698558188)"
4,2,4,0.8094598511604341,0.8094598511604343,0.8094598511604343,0.8094598511604343,0.8094598511604341,0.8094598511604341,0.9999999999999998,1.0000000000000002,1.0000000000000002,1.0000000000000002,1.0,1.0,0.0,0,162,7,7,0.0004258747212588787,random_n4_b2_g4,100,20260830,"(0.9397596332324625, 0.19704790787559784, 0.3317902741899582, 0.3853389933857424)","(0.7155630591207567, 0.17603128714780913, 0.4129191957205341, 0.17394100459237127)"
4,2,4,0.945782676371128,0.945782676371128,0.945782676371128,0.945782676371128,0.945782676371128,0.945782676371128,1.0,1.0,1.0,1.0,1.0,1.0,0.0,0,162,7,7,0.0005196672864258289,random_n4_b2_g4,101,20260830,"(0.24400143524474213, 1.2851447969184937, 0.35788433732122726, 1.8338532296490218)","(0.8993118171932086, 0.237074709146458, 0.913229007816913, 0.24618510528114396)"
4,2,4,2.1994165714800786,2.199416571480078,2.199416571480078,1.4105521303204067,1.903578064424567,1.903578064424567,1.0000000000000002,0.9999999999999998,0.9999999999999998,0.6413301366421859,0.8654922805931077,0.8654922805931077,0.0,0,162,7,7,0.00041799992322921753,random_n4_b2_g4,102,20260830,"(1.8541708275914746, 1.7340840474036492, 0.20168309563158734, 0.11469582208042586)","(0.547344190197176, 0.6830966141106907, 0.10576735849446933, 0.6010963137322367)"
4,2,4,0.35653353009851546,0.35653353009851546,0.35653353009851546,0.35653353009851546,0.35653353009851546,0.35653353009851546,1.0,1.0,1.0,1.0,1.0,1.0,0.0,0,162,7,7,0.0004221247509121895,random_n4_b2_g4,103,20260830,"(1.744714208165561, 0.16726001178020966, 0.24199355225789548, 1.0688565039559814)","(0.11583774113700832, 0.09909345187066357, 0.6381565783636874, 0.11967728376321875)"
4,2,4,1.6495568916810153,1.634104108285117,1.634104108285117,1.634104108285117,1.634104108285117,1.634104108285117,1.0094564252776494,0.9906321609919433,0.9906321609919433,0.9906321609919433,0.9906321609919433,0.9906321609919433,0.0,0,162,7,7,0.00042450008913874626,random_n4_b2_g4,104,20260830,"(1.5165500553795428, 0.8513437829752155, 0.6982919182943665, 0.16981027513054667)","(0.7879632485603025, 0.5157944520477336, 0.38252364117032206, 0.4338171397178018)"
4,2,4,0.9183049334388818,0.9183049334388819,0.9183049334388819,0.9183049334388819,0.9183049334388819,0.9183049334388819,0.9999999999999999,1.0000000000000002,1.0000000000000002,1.0000000000000002,1.0000000000000002,1.0000000000000002,0.0,0,162,7,7,0.00042408332228660583,random_n4_b2_g4,105,20260830,"(1.3365625638623952, 0.11926575324855687, 1.3327937507437326, 0.1394453164569694)","(0.2473241956097887, 0.6132247266750295, 0.4409839647893637, 0.598582502032779)"
4,2,4,0.34057161067854536,0.3405716106785454,0.3405716106785454,0.3405716106785454,0.3405716106785454,0.3405716106785454,0.9999999999999999,1.0000000000000002,1.0000000000000002,1.0000000000000002,1.0000000000000002,1.0000000000000002,0.0,0,162,7,7,0.0004241657443344593,random_n4_b2_g4,106,20260830,"(0.17908410871243932, 0.8185313554904627, 0.21234116349915824, 0.13427456888102016)","(0.19927657220126566, 0.19942364772770382, 0.8351517862330939, 0.06964040472608711)"
4,2,4,0.15916656394148815,0.15465268968400006,0.15465268968400006,0.15465268968400006,0.1546526896840001,0.1546526896840001,1.029187169435664,0.9716405622782216,0.9716405622782216,0.9716405622782216,0.9716405622782218,0.9716405622782218,0.0,0,162,7,7,0.0004237918183207512,random_n4_b2_g4,107,20260830,"(0.2697528556205275, 0.16650488752962364, 0.7152668287280692, 0.10097768260118817)","(0.22387237326569193, 0.10476025574697642, 0.05706420264089888, 0.9334981282282456)"
4,2,4,0.35657945115824907,0.35657945115824907,0.35657945115824907,0.35657945115824907,0.35657945115824907,0.35657945115824907,1.0,1.0,1.0,1.0,1.0,1.0,0.0,0,162,7,7,0.0004231249913573265,random_n4_b2_g4,108,20260830,"(1.1613636234552507, 1.511127259584168, 0.49665170687051563, 0.23344999130796543)","(0.19866350808411198, 0.08328807435846744, 0.21163256398675884, 0.4513994992302727)"
4,2,4,0.8945778004601677,0.8945778004601678,0.8945778004601677,0.8945778004601677,0.8945778004601677,0.8945778004601677,0.9999999999999999,1.0000000000000002,1.0,1.0,1.0,1.0,0.0,0,162,7,7,0.00041895778849720955,random_n4_b2_g4,109,20260830,"(0.44384602543577717, 1.2903696691067839, 0.35466336220464945, 0.33012197759344963)","(0.8112958967202433, 0.2567121104854077, 0.8695592195802071, 0.7040196382716111)"
4,2,4,0.575075427058038,0.575075427058038,0.575075427058038,0.575075427058038,0.575075427058038,0.575075427058038,1.0,1.0,1.0,1.0,1.0,1.0,0.0,0,162,7,7,0.00042020808905363083,random_n4_b2_g4,110,20260830,"(0.10498582000565776, 0.16117123560861968, 0.9690954076042729, 0.571972658976382)","(0.14002162551560793, 0.8298581492623809, 0.4554001188103369, 0.08082542421939191)"
4,2,4,1.430122071906266,1.331107634953765,1.3028356283302593,1.3028356283302593,1.430122071906266,1.430122071906266,1.074384996639239,0.9307650452380468,0.9109960988111026,0.9109960988111026,1.0,1.0,0.0,0,162,7,7,0.000390833243727684,random_n4_b2_g4,111,20260830,"(0.5461914835364039, 0.9786965193925972, 1.02230690444483, 1.2269421495621335)","(0.7224225006804, 0.890686727374995, 0.2897470353017092, 0.2621502493062163)"
4,2,4,0.7690467211251237,0.7290839758378969,0.7275908681081302,0.7275908681081302,0.7690467211251237,0.7690467211251237,1.05481226664089,0.9480359980876573,0.946094493509649,0.946094493509649,1.0,1.0,0.0,0,162,7,7,0.0004713749513030052,random_n4_b2_g4,112,20260830,"(0.47324843202792816, 1.987673817028503, 0.20828563857104918, 0.12481615729812194)","(0.9462698696954095, 0.12745934955280455, 0.7353575919607416, 0.4721706772430401)"
4,2,4,0.670788424528767,0.670788424528767,0.670788424528767,0.670788424528767,0.670788424528767,0.670788424528767,1.0,1.0,1.0,1.0,1.0,1.0,0.0,0,162,7,7,0.00039287516847252846,random_n4_b2_g4,113,20260830,"(0.47042490258233316, 0.7333423228649918, 0.17868012489358187, 0.10436424272193921)","(0.8834166038281582, 0.3480056268077597, 0.23055497544751374, 0.7145477356800206)"
4,2,4,1.8976799925464305,1.8976799925464305,1.8976799925464305,1.8976799925464305,1.8976799925464303,1.8976799925464303,1.0,1.0,1.0,1.0,0.9999999999999999,0.9999999999999999,0.0,0,162,7,7,0.0003920001909136772,random_n4_b2_g4,114,20260830,"(0.16968644085381424, 1.978419746453243, 0.1991609231802919, 1.7099064286576957)","(0.06792456990827309, 0.2787861307241669, 0.7848149819646568, 0.787250099726903)"
4,2,4,1.2518754077957341,1.251875407795734,1.251875407795734,1.087419999892074,1.1495758525402051,1.1495758525402051,1.0000000000000002,0.9999999999999998,0.9999999999999998,0.8686327673827953,0.9182829580176393,0.9182829580176393,0.0,0,162,7,7,0.00039058318361639977,random_n4_b2_g4,115,20260830,"(0.7050696124202197, 0.25362910118700316, 1.4755148226509245, 0.5911451229048158)","(0.7185639128468174, 0.20742210247152798, 0.5050696996230578, 0.5007766932870269)"
4,2,4,1.000936123004384,1.000936123004384,1.000936123004384,1.000936123004384,1.000936123004384,1.000936123004384,1.0,1.0,1.0,1.0,1.0,1.0,0.0,0,162,7,7,0.0003921668976545334,random_n4_b2_g4,116,20260830,"(0.8802315869798947, 0.10571014574218542, 0.9111527340419051, 0.19293611381612502)","(0.32068097042707966, 0.1632172243270592, 0.7109474753253776, 0.9155530355230037)"
4,2,4,0.7732888602838947,0.7519100704649618,0.7519100704649618,0.7519100704649618,0.7519100704649618,0.7519100704649618,1.028432641959048,0.9723534232588271,0.9723534232588271,0.9723534232588271,0.9723534232588271,0.9723534232588271,0.0,0,162,7,7,0.0003959173336625099,random_n4_b2_g4,117,20260830,"(0.37972080560346777, 0.6123559508637024, 0.19957281259436033, 0.5477670293442342)","(0.29063965011223364, 0.929781464159268, 0.3164166642061961, 0.3332673346601622)"
4,2,4,0.5897005320895803,0.5897005320895802,0.5897005320895802,0.5897005320895802,0.5897005320895803,0.5897005320895803,1.0000000000000002,0.9999999999999998,0.9999999999999998,0.9999999999999998,1.0,1.0,0.0,0,162,7,7,0.00039337482303380966,random_n4_b2_g4,118,20260830,"(0.1052767804817418, 0.9525544942337035, 0.18460561710854462, 0.1579771403755)","(0.13700977052727653, 0.521030034234882, 0.5058948520157471, 0.0558535212880554)"
4,2,4,1.124140860463252,1.095825381911248,1.095825381911248,1.095825381911248,1.095825381911248,1.095825381911248,1.0258394074634578,0.9748114497498692,0.9748114497498692,0.9748114497498692,0.9748114497498692,0.9748114497498692,0.0,0,162,7,7,0.0003958749584853649,random_n4_b2_g4,119,20260830,"(0.3330737717578742, 0.21155993702413778, 0.1791383672082412, 1.107870939441933)","(0.4959072785122074, 0.6164163429093483, 0.20390627251856358, 0.8388511715278932)"
4,2,4,1.231115484871714,1.231115484871714,1.2251537438287938,1.1717567039514452,1.231115484871714,1.231115484871714,1.0,1.0,0.9951574477649093,0.9517845550237277,1.0,1.0,0.0,0,162,7,7,0.0003882921300828457,random_n4_b2_g4,120,20260830,"(0.42145975127821267, 0.20900476522231967, 0.37157569107882543, 1.4641698098113423)","(0.5562122503590247, 0.38375412840695095, 0.9052644092550731, 0.5640364956820805)"
4,2,4,1.4182607567745864,1.4182607567745862,1.4182607567745862,1.4182607567745862,1.4182607567745864,1.4182607567745864,1.0000000000000002,0.9999999999999999,0.9999999999999999,0.9999999999999999,1.0,1.0,0.0,0,162,7,7,0.0003937920555472374,random_n4_b2_g4,121,20260830,"(0.6675377238077146, 0.1506813682886707, 1.758852969795611, 0.40608491855988216)","(0.12725922838939374, 0.08741026663739093, 0.6904793424855762, 0.5018879188719628)"
4,2,4,0.20127498849178116,0.20127498849178116,0.20127498849178116,0.20127498849178116,0.20127498849178116,0.20127498849178116,1.0,1.0,1.0,1.0,1.0,1.0,0.0,0,162,7,7,0.0003987918607890606,random_n4_b2_g4,122,20260830,"(0.12216459003061443, 0.20172540255201593, 0.35693658175220677, 0.15792302970977573)","(0.3780060819146347, 0.378225022480744, 0.2854803151499652, 0.6292725058988548)"
4,2,4,0.897235486040663,0.897235486040663,0.897235486040663,0.6525874281674653,0.8665086143833907,0.8665086143833907,1.0,1.0,1.0,0.7273312729161158,0.965753838166985,0.965753838166985,0.0,0,162,7,7,0.0003948751837015152,random_n4_b2_g4,123,20260830,"(0.11502971406923837, 0.11290056585695031, 0.860518156557506, 0.5629679815483656)","(0.3409382253024098, 0.5756413250491336, 0.4796704234013309, 0.8605647095732204)"
4,2,4,1.0922339083518218,1.0922339083518218,1.0922339083518218,1.0922339083518218,1.0922339083518218,1.0922339083518218,1.0,1.0,1.0,1.0,1.0,1.0,0.0,0,162,7,7,0.0004892922006547451,random_n4_b2_g4,124,20260830,"(0.1462896589857404, 0.12620933109821225, 1.0142991939200061, 0.4773202848299729)","(0.30035097697028323, 0.5462366993179614, 0.8193213612809191, 0.5472151935386211)"
4,2,4,0.35073640187625976,0.35073640187625976,0.35073640187625976,0.35073640187625976,0.35073640187625976,0.35073640187625976,1.0,1.0,1.0,1.0,1.0,1.0,0.0,0,162,7,7,0.0003954172134399414,random_n4_b2_g4,125,20260830,"(0.4323870724647726, 0.2966647514125392, 1.4228315751319145, 0.11446580212792695)","(0.5637884970796656, 0.36054685845009427, 0.06242558180169958, 0.26249767075546576)"
4,2,4,1.7981575202414541,1.7981575202414541,1.7981575202414541,1.4274242544435145,1.6515575943741352,1.6515575943741352,1.0,1.0,1.0,0.7938260349136943,0.9184721448387716,0.9184721448387716,0.0,0,162,7,7,0.00039837509393692017,random_n4_b2_g4,126,20260830,"(0.3098145232090807, 0.19043776494850487, 1.9049949483712074, 0.7498390550658373)","(0.3881654909288033, 0.2691337361663346, 0.6420730123849407, 0.7668467936925095)"
4,2,4,0.7756217616534604,0.7756217616534604,0.7756217616534604,0.7756217616534604,0.7756217616534604,0.7756217616534604,1.0,1.0,1.0,1.0,1.0,1.0,0.0,0,162,7,7,0.0004442497156560421,random_n4_b2_g4,127,20260830,"(0.22479169663245144, 0.19117186767744476, 1.2373800883918238, 0.5039238941866385)","(0.07887974347281355, 0.8192557243217573, 0.31371886346483413, 0.680348896450556)"
4,2,4,0.5015993752368731,0.5010753959605558,0.5010753959605558,0.4769435924717751,0.5015993752368731,0.5015993752368731,1.0010457094491994,0.9989553829167553,0.9989553829167553,0.9508456669160429,1.0,1.0,0.0,0,162,7,7,0.0004654168151319027,random_n4_b2_g4,128,20260830,"(0.5591282883809868, 0.18906173471751211, 0.12021435908311803, 0.14523820808333898)","(0.6849025970825285, 0.4544907391698022, 0.8403838698484158, 0.1757705324607341)"
4,2,4,1.9182659176061327,1.9147480566970807,1.9147480566970807,1.9147480566970807,1.9147480566970805,1.9147480566970805,1.0018372447992558,0.9981661244790075,0.9981661244790075,0.9981661244790075,0.9981661244790074,0.9981661244790074,0.0,0,162,7,7,0.0004463749937713146,random_n4_b2_g4,129,20260830,"(1.1585369310159628, 0.1268944367997297, 1.685019192671419, 0.25181966201281486)","(0.3831648571348526, 0.41683489709363547, 0.8728906029295975, 0.7117113453493796)"
4,2,4,0.6113743727015815,0.6113743727015815,0.6113743727015815,0.6113743727015815,0.6113743727015815,0.6113743727015815,1.0,1.0,1.0,1.0,1.0,1.0,0.0,0,162,7,7,0.000409834086894989,random_n4_b2_g4,130,20260830,"(0.1820507797850932, 0.4968625237691618, 0.4149839236006037, 0.45116265522964066)","(0.3075616785011652, 0.874790158876222, 0.425857283965539, 0.09835278009460893)"
4,2,4,0.6184094246969492,0.6184094246969492,0.6184094246969492,0.6184094246969492,0.6184094246969492,0.6184094246969492,1.0,1.0,1.0,1.0,1.0,1.0,0.0,0,162,7,7,0.0004013748839497566,random_n4_b2_g4,131,20260830,"(0.25677219097877946, 0.5507125761537467, 1.9897300630947423, 0.9999820634289567)","(0.6640691719848056, 0.2635695888749856, 0.0726223277519436, 0.4479029622882503)"
4,2,4,0.3666664895025865,0.3666664895025865,0.3666664895025865,0.3666664895025865,0.3666664895025865,0.3666664895025865,1.0,1.0,1.0,1.0,1.0,1.0,0.0,0,162,7,7,0.0004075421020388603,random_n4_b2_g4,132,20260830,"(0.15489667625939063, 0.2415142828735978, 1.435416704343747, 0.2029559850719606)","(0.24420617020892926, 0.5961091865824043, 0.10248686364390311, 0.8286575014907336)"
4,2,4,0.8963036693339803,0.8953240546635076,0.8953240546635076,0.8953240546635076,0.8953240546635076,0.8953240546635076,1.0010941453715783,0.998907050474087,0.998907050474087,0.998907050474087,0.998907050474087,0.998907050474087,0.0,0,162,7,7,0.0004554581828415394,random_n4_b2_g4,133,20260830,"(0.22358137922840624, 1.5898549175978105, 1.0904473888708357, 0.14023557092715438)","(0.7917257929505411, 0.07403848264316404, 0.6587286257329066, 0.27970265537426076)"
4,2,4,1.2934780928283636,1.276729124057282,1.2696375322436444,1.0358590034149977,1.2934780928283636,1.2934780928283636,1.0131186548935733,0.9870512157384455,0.9815686398425283,0.8008322747468826,1.0,1.0,0.0,0,162,7,7,0.00038904184475541115,random_n4_b2_g4,134,20260830,"(0.6021826342251742, 0.8512766695534181, 0.9080719650114353, 0.2315161397181105)","(0.33014566449724037, 0.8801229376705456, 0.5202741336452938, 0.8365150925313237)"
4,2,4,1.7290047424178296,1.7290047424178299,1.7290047424178296,1.720188939537945,1.720188939537945,1.720188939537945,0.9999999999999999,1.0000000000000002,1.0,0.9949012268945217,0.9949012268945217,0.9949012268945217,0.0,0,162,7,7,0.000390833243727684,random_n4_b2_g4,135,20260830,"(0.13878068643437216, 1.857631307452678, 0.19455597169732727, 1.5111681853809842)","(0.949038323686616, 0.6112281241345805, 0.921687756627657, 0.3631523901484022)"
4,2,4,0.3354060962998472,0.31742329478653436,0.31742329478653436,0.31742329478653436,0.3174232947865344,0.3174232947865344,1.0566524316540984,0.946384989087269,0.946384989087269,0.946384989087269,0.9463849890872691,0.9463849890872691,0.0,0,162,7,7,0.0005544582381844521,random_n4_b2_g4,136,20260830,"(0.21669604362337308, 0.39095184350485235, 0.13994874220753079, 0.27954553948560423)","(0.38966470235868367, 0.2209745547555969, 0.5579665013608897, 0.8264588505411202)"
4,2,4,0.7362592568127335,0.7362592568127337,0.7362592568127337,0.7362592568127337,0.7362592568127335,0.7362592568127335,0.9999999999999997,1.0000000000000002,1.0000000000000002,1.0000000000000002,1.0,1.0,0.0,0,162,7,7,0.0004409588873386383,random_n4_b2_g4,137,20260830,"(0.29010456561641934, 1.615480884592508, 0.131220710901525, 1.1668671498463508)","(0.07268661949198575, 0.4074179839439131, 0.38385798067205623, 0.06691703654731089)"
4,2,4,0.536324174635479,0.5363241746354789,0.5363241746354789,0.5363241746354789,0.5363241746354789,0.5363241746354789,1.0000000000000002,0.9999999999999998,0.9999999999999998,0.9999999999999998,0.9999999999999998,0.9999999999999998,0.0,0,162,7,7,0.00040779076516628265,random_n4_b2_g4,138,20260830,"(0.24065851763139262, 0.3321980082077015, 0.107919451287397, 1.4846560086123652)","(0.2835981685365383, 0.31182627348388753, 0.31862559968688053, 0.2914723041344497)"
4,2,4,0.4678891158305587,0.4678891158305586,0.4678891158305586,0.3952058543761157,0.4568526949533389,0.4568526949533389,1.0000000000000002,0.9999999999999998,0.9999999999999998,0.844657080074578,0.9764123154315552,0.9764123154315552,0.0,0,162,7,7,0.00039295805618166924,random_n4_b2_g4,139,20260830,"(0.2600534682171985, 0.5770217272785855, 0.14550421614154418, 0.13107494018376023)","(0.8209208865112997, 0.390450455066371, 0.6072749311409641, 0.7555331371868771)"
4,2,4,1.3930016816479098,1.3930016816479096,1.3930016816479096,1.3930016816479096,1.39300168164791,1.39300168164791,1.0000000000000002,0.9999999999999999,0.9999999999999999,0.9999999999999999,1.0000000000000002,1.0000000000000002,0.0,0,162,7,7,0.0003988328389823437,random_n4_b2_g4,140,20260830,"(0.4393682642056933, 0.14400821481517168, 1.6952938186015443, 1.317157829386199)","(0.6037603087379764, 0.24187204663040174, 0.4033768354231353, 0.5384012531880764)"
4,2,4,0.2848400963890186,0.28484009638901864,0.28484009638901864,0.28484009638901864,0.2848400963890186,0.2848400963890186,0.9999999999999998,1.0000000000000002,1.0000000000000002,1.0000000000000002,1.0,1.0,0.0,0,162,7,7,0.00040124962106347084,random_n4_b2_g4,141,20260830,"(0.41354090243819225, 0.916326487508547, 0.17676272671581747, 0.11224139705301198)","(0.3719984472071803, 0.1429659893184449, 0.3003963054720061, 0.18570051941631888)"
4,2,4,1.4921062956650546,1.4225702491473058,1.4176889627822504,1.3026100414437465,1.4921062956650546,1.4921062956650546,1.0488805713176055,0.9533973908428853,0.9501259842552737,0.8730008346108836,1.0,1.0,0.0,0,162,7,7,0.0003942083567380905,random_n4_b2_g4,142,20260830,"(1.2404048738250024, 0.2675448559909956, 0.20701413493791473, 0.3981970149912996)","(0.8905010980004633, 0.5802464029902438, 0.23155758441631108, 0.7863119232141929)"
4,2,4,1.6917867628499366,1.691786762849937,1.691786762849937,1.691786762849937,1.6917867628499366,1.6917867628499366,0.9999999999999998,1.0000000000000002,1.0000000000000002,1.0000000000000002,1.0,1.0,0.0,0,162,7,7,0.0003931252285838127,random_n4_b2_g4,143,20260830,"(1.7386818015783823, 0.1929389190141637, 0.6942497551733442, 0.20890781897445318)","(0.7750204025655028, 0.1290488791322298, 0.49589199058685374, 0.1344331551820504)"
4,2,4,0.42991883955458166,0.42991883955458166,0.4299188395545817,0.4299188395545817,0.42991883955458177,0.42991883955458177,1.0,1.0,1.0000000000000002,1.0000000000000002,1.0000000000000002,1.0000000000000002,0.0,0,162,7,7,0.00038850028067827225,random_n4_b2_g4,144,20260830,"(0.7034923846243664, 1.3464770422704941, 0.12550283993661632, 0.23085266796551307)","(0.31126953604813584, 0.1548561060890885, 0.36422492557354674, 0.7612909569188203)"
4,2,4,1.0398090327860054,1.0398090327860054,1.0398090327860054,1.0398090327860054,1.0398090327860054,1.0398090327860054,1.0,1.0,1.0,1.0,1.0,1.0,0.0,0,162,7,7,0.00039458321407437325,random_n4_b2_g4,145,20260830,"(1.7798477460676292, 0.14023131405365802, 1.2410535581460314, 0.5798502943716474)","(0.37153198065792664, 0.4957859906034403, 0.3050139713433795, 0.38287405529493607)"
4,2,4,1.2915166191791463,1.291516619179146,1.291516619179146,1.291516619179146,1.291516619179146,1.291516619179146,1.0000000000000002,0.9999999999999998,0.9999999999999998,0.9999999999999998,0.9999999999999998,0.9999999999999998,0.0,0,162,7,7,0.0003920001909136772,random_n4_b2_g4,146,20260830,"(1.1376982823113078, 0.9615914136227861, 1.1155655846615125, 1.0412104654826335)","(0.36992089176407716, 0.09159419901399149, 0.7804635316822411, 0.06791384275486834)"
4,2,4,1.310062522533096,1.310062522533096,1.310062522533096,1.099456313120692,1.2121385995825007,1.2121385995825007,1.0,1.0,1.0,0.8392395738447793,0.9252524812623044,0.9252524812623044,0.0,0,162,7,7,0.00047954078763723373,random_n4_b2_g4,147,20260830,"(0.19384682633939876, 0.5886118474002958, 1.3200105415446401, 1.0424966623627898)","(0.7877040877987781, 0.8037181884325935, 0.6171875830087586, 0.13827804046145747)"
4,2,4,1.0671264514801255,1.0671264514801257,1.0671264514801255,0.9223005302091211,1.0554134811573295,1.0554134811573295,0.9999999999999998,1.0000000000000002,1.0,0.8642841988687208,0.9890238215850147,0.9890238215850147,0.0,0,162,7,7,0.00038687512278556824,random_n4_b2_g4,148,20260830,"(0.6797096829532152, 0.23719214090592058, 0.15472866312380817, 0.8598958119346042)","(0.059246114562159585, 0.851253224718583, 0.9478784460586669, 0.8732355550489225)"
4,2,4,1.5805681096799695,1.5754586145161515,1.5754586145161515,1.5754586145161515,1.5754586145161515,1.5754586145161515,1.003243179552125,0.9967673046593022,0.9967673046593022,0.9967673046593022,0.9967673046593022,0.9967673046593022,0.0,0,162,7,7,0.00039175013080239296,random_n4_b2_g4,149,20260830,"(0.4488317116641155, 0.25844211520560745, 1.4991428257224853, 0.17151118589310754)","(0.5786733875288078, 0.28101857930246743, 0.8776559677447886, 0.06303345289818821)"
4,2,4,1.1800383282895204,1.1800383282895202,1.1800383282895202,1.1800383282895202,1.1800383282895204,1.1800383282895204,1.0000000000000002,0.9999999999999998,0.9999999999999998,0.9999999999999998,1.0,1.0,0.0,0,162,7,7,0.00039449986070394516,random_n4_b2_g4,150,20260830,"(1.110168249793056, 1.4220332279831984, 0.2790627623336659, 0.239897465657399)","(0.7006729393997632, 0.2828158087762214, 0.7442994015509526, 0.77049778134142)"
4,2,4,2.774470613573569,2.774470613573569,2.760493457860994,2.30886772374366,2.687230762588883,2.6672406668793918,1.0,1.0,0.9949622260750594,0.8321831604371531,0.9685562173346218,0.9613512047416992,0.019990095709491396,0,162,7,7,0.0003898339346051216,random_n4_b2_g4,151,20260830,"(0.6282659872813853, 0.9350918707871537, 0.10135249134111292, 1.760292820357918)","(0.9248428838111479, 0.8104290304352318, 0.5971756053345331, 0.9025351950357967)"
4,2,4,0.46881716025774545,0.46881716025774545,0.46881716025774545,0.46881716025774545,0.46881716025774545,0.46881716025774545,1.0,1.0,1.0,1.0,1.0,1.0,0.0,0,162,7,7,0.0003926670178771019,random_n4_b2_g4,152,20260830,"(0.684179417676914, 0.2185490684797855, 0.17810338635962356, 0.12900470289240693)","(0.49305995692502824, 0.6015842893475248, 0.4116982820035303, 0.3492282321166528)"
4,2,4,0.5775262717783336,0.5775262717783335,0.5775262717783335,0.5678781049338268,0.567878104933827,0.567878104933827,1.0000000000000002,0.9999999999999998,0.9999999999999998,0.9832939775799326,0.9832939775799329,0.9832939775799329,0.0,0,162,7,7,0.0004020421765744686,random_n4_b2_g4,153,20260830,"(1.1334151011103089, 0.47949707372155387, 0.18509676208818884, 0.8316038757510643)","(0.32418952005219737, 0.24659401323021307, 0.8623592114673859, 0.23961482742540235)"
4,2,4,1.015767774510441,1.015767774510441,1.015767774510441,1.015767774510441,1.015767774510441,1.015767774510441,1.0,1.0,1.0,1.0,1.0,1.0,0.0,0,162,7,7,0.00038537522777915,random_n4_b2_g4,154,20260830,"(0.4956322054248002, 0.290930551562217, 1.2997321803828097, 0.16872582242984863)","(0.5041924473394196, 0.2969343996847097, 0.5892550568775672, 0.716580044112866)"
4,2,4,1.5684807326882657,1.5684807326882662,1.568480732688266,1.568480732688266,1.568480732688266,1.568480732688266,0.9999999999999997,1.0000000000000002,1.0000000000000002,1.0000000000000002,1.0000000000000002,1.0000000000000002,0.0,0,162,7,7,0.00043670786544680595,random_n4_b2_g4,155,20260830,"(0.13961980710773303, 1.715969556789262, 1.7231712549091514, 0.6903640829623018)","(0.15756532388326255, 0.283943020343364, 0.5738842799135861, 0.7806302566440101)"
4,2,4,0.3984187859682145,0.39841878596821445,0.39841878596821445,0.39841878596821445,0.3984187859682145,0.3984187859682145,1.0000000000000002,0.9999999999999999,0.9999999999999999,0.9999999999999999,1.0,1.0,0.0,0,162,7,7,0.00038408301770687103,random_n4_b2_g4,156,20260830,"(0.17975699361362527, 0.102270434422573, 0.25619189800275805, 0.6011402796109723)","(0.9434786210850208, 0.9239955007978151, 0.1433413122686742, 0.25377726285621444)"
4,2,4,0.8200623824365372,0.8200623824365372,0.8200623824365371,0.8200623824365371,0.8200623824365372,0.8200623824365372,1.0,1.0,0.9999999999999999,0.9999999999999999,1.0,1.0,0.0,0,162,7,7,0.0004016249440610409,random_n4_b2_g4,157,20260830,"(0.4865772585892482, 0.32127625848546026, 0.23017424558826344, 1.2732322061195251)","(0.15193571817600598, 0.7653694980276025, 0.6210891347225856, 0.4381945340779554)"
4,2,4,0.4079477680783744,0.4079477680783744,0.4079477680783744,0.29817729103668233,0.38576042730298066,0.38576042730298066,1.0,1.0,1.0,0.730920265702733,0.9456123001238455,0.9456123001238455,0.0,0,162,7,7,0.0004047919064760208,random_n4_b2_g4,158,20260830,"(0.27991321620788234, 0.3663327572200264, 0.1343382012914159, 0.5581838934101209)","(0.7775370859102185, 0.20747789461674065, 0.30989836652208447, 0.3409357809981016)"
4,2,4,0.5104656098189234,0.5068990548072759,0.5068990548072759,0.5068990548072759,0.506899054807276,0.506899054807276,1.0070360261630464,0.9930131336116597,0.9930131336116597,0.9930131336116597,0.9930131336116599,0.9930131336116599,0.0,0,162,7,7,0.0007468746043741703,random_n4_b2_g4,159,20260830,"(0.7152250105726088, 0.32393202134517474, 0.15898882843627332, 0.5004364241465632)","(0.10133299614320906, 0.2458718353653363, 0.37733718824283285, 0.8537613842041293)"
4,2,4,1.7757737785530958,1.7757737785530958,1.7757737785530956,1.7757737785530956,1.7757737785530958,1.7757737785530958,1.0,1.0,0.9999999999999999,0.9999999999999999,1.0,1.0,0.0,0,162,7,7,0.00039395876228809357,random_n4_b2_g4,160,20260830,"(0.1707814650257002, 1.7748143354059198, 0.7072316345062658, 1.5074704559818366)","(0.19399944231625882, 0.47725218266296726, 0.7219620039971987, 0.5808505200352037)"
4,2,4,0.4934676751321155,0.4934676751321154,0.4934676751321154,0.4934676751321154,0.4934676751321155,0.4934676751321155,1.0000000000000002,0.9999999999999999,0.9999999999999999,0.9999999999999999,1.0,1.0,0.0,0,162,7,7,0.00039458414539694786,random_n4_b2_g4,161,20260830,"(0.5336237850839746, 0.38213718114073764, 0.20305427372555226, 0.21053231619202814)","(0.7726435868926267, 0.21240194301773596, 0.19822378636699084, 0.34954235165030795)"
4,2,4,1.2041755279115776,1.1661058794952621,1.1661058794952621,1.1661058794952621,1.1661058794952621,1.1661058794952621,1.032646819714856,0.968385299705982,0.968385299705982,0.968385299705982,0.968385299705982,0.968385299705982,0.0,0,162,7,7,0.0004059579223394394,random_n4_b2_g4,162,20260830,"(0.9951901848171828, 0.18380786867395796, 0.18802345942220478, 1.2053419753095982)","(0.09317234237474181, 0.3720594797749552, 0.7508371208407348, 0.8503237318263313)"
4,2,4,0.29056743898600723,0.29056743898600723,0.29056743898600723,0.29056743898600723,0.29056743898600723,0.29056743898600723,1.0,1.0,1.0,1.0,1.0,1.0,0.0,0,162,7,7,0.00040337489917874336,random_n4_b2_g4,163,20260830,"(0.20171050801478826, 0.1942767456799608, 0.4634114272859916, 0.42489591413500255)","(0.06468496756872881, 0.6567523237496079, 0.34482707103101673, 0.30777098456900176)"
4,2,4,1.9349326560854272,1.9349326560854272,1.9349326560854272,1.9349326560854272,1.9349326560854272,1.9349326560854272,1.0,1.0,1.0,1.0,1.0,1.0,0.0,0,162,7,7,0.0004052920266985893,random_n4_b2_g4,164,20260830,"(0.4148613869571623, 0.17169889959857415, 1.4132695401544948, 1.7321335549142425)","(0.30959092153217405, 0.2617253319464164, 0.8515960198874503, 0.4222526251435061)"
4,2,4,0.9633185055804449,0.9633185055804447,0.9633185055804447,0.9383452213509837,0.952172915523067,0.952172915523067,1.0000000000000002,0.9999999999999999,0.9999999999999999,0.9740757765113071,0.9884300052445665,0.9884300052445665,0.0,0,162,7,7,0.0003927089273929596,random_n4_b2_g4,165,20260830,"(1.179080753088741, 0.5769527635122238, 0.19044076565904572, 0.423379238520751)","(0.5274976331020909, 0.49023536307753224, 0.907371272822916, 0.21012380193221936)"
4,2,4,0.8215649193232617,0.8215649193232617,0.8215649193232617,0.8215649193232617,0.8215649193232617,0.8215649193232617,1.0,1.0,1.0,1.0,1.0,1.0,0.0,0,162,7,7,0.0004059169441461563,random_n4_b2_g4,166,20260830,"(1.9123076795000984, 1.7510140253925464, 0.14286623359403747, 0.8607069509940566)","(0.1659468567439033, 0.2879608406734234, 0.4661310768609819, 0.30760640908875614)"
4,2,4,0.4239837801528617,0.42398378015286164,0.42398378015286164,0.42398378015286164,0.42398378015286176,0.42398378015286176,1.0000000000000002,0.9999999999999999,0.9999999999999999,0.9999999999999999,1.0000000000000002,1.0000000000000002,0.0,0,162,7,7,0.0004053749144077301,random_n4_b2_g4,167,20260830,"(0.6278616112222684, 0.3638793077766509, 0.13590958789074492, 0.3156689572356104)","(0.1403195314478275, 0.41934877542730975, 0.8076157245780037, 0.744145870332502)"
4,2,4,1.1302333324851972,1.1302333324851972,1.1302333324851972,1.1302333324851972,1.1302333324851972,1.1302333324851972,1.0,1.0,1.0,1.0,1.0,1.0,0.0,0,162,7,7,0.0003822091966867447,random_n4_b2_g4,168,20260830,"(1.188371567401605, 0.41539619535913924, 0.8461163855098599, 0.11286705793114597)","(0.6488125228998547, 0.46887266589308463, 0.42453140471976025, 0.6271018382934259)"
4,2,4,0.47600336455396114,0.4561552572705486,0.4561552572705486,0.4561552572705486,0.47600336455396114,0.47600336455396114,1.0435117363377016,0.9583025903566644,0.9583025903566644,0.9583025903566644,1.0,1.0,0.0,0,162,7,7,0.00043008383363485336,random_n4_b2_g4,169,20260830,"(0.11323476108669563, 0.3649980256557575, 0.42253700372813363, 0.1377777711527143)","(0.595189609586458, 0.25196320998486493, 0.7731303650340496, 0.8407023033990397)"
4,2,4,0.9604965244554818,0.9604965244554818,0.9604965244554818,0.9604965244554818,0.9604965244554818,0.9604965244554818,1.0,1.0,1.0,1.0,1.0,1.0,0.0,0,162,7,7,0.00040120771154761314,random_n4_b2_g4,170,20260830,"(0.959155559738132, 0.9119764632145291, 0.9065979433294317, 0.13055508993776646)","(0.5662573193606854, 0.25330815638659065, 0.46036688194494396, 0.7695346396268063)"
4,2,4,1.4516076200863464,1.4516076200863464,1.4516076200863464,1.4516076200863464,1.4516076200863464,1.4516076200863464,1.0,1.0,1.0,1.0,1.0,1.0,0.0,0,162,7,7,0.0005142907612025738,random_n4_b2_g4,171,20260830,"(0.41095390684592725, 1.5132046341410053, 0.5263184742601679, 0.4424882587007411)","(0.3557754130123995, 0.7659703162096272, 0.555818961883677, 0.08613670713735189)"
4,2,4,1.0592378718043303,1.0592378718043303,1.0592378718043303,0.8145947744045544,1.002165968518662,1.002165968518662,1.0,1.0,1.0,0.7690385663958133,0.9461198425728011,0.9461198425728011,0.0,0,162,7,7,0.0005049579776823521,random_n4_b2_g4,172,20260830,"(1.2749631596466207, 0.13266100402215827, 0.5421147998640891, 0.1555157953512998)","(0.4715067988367157, 0.303212960860866, 0.8449945913290905, 0.5827916777230354)"
4,2,4,1.3280267543458226,1.3280267543458224,1.3280267543458224,1.3280267543458224,1.3280267543458224,1.3280267543458224,1.0000000000000002,0.9999999999999998,0.9999999999999998,0.9999999999999998,0.9999999999999998,0.9999999999999998,0.0,0,162,7,7,0.00040358398109674454,random_n4_b2_g4,173,20260830,"(0.18470715064993765, 0.17284680343489503, 0.2225281406006159, 1.7876543058324879)","(0.3972438259171864, 0.0934917210486873, 0.05061947797679031, 0.7018431779868665)"
4,2,4,1.3921387054120837,1.392138705412084,1.3881877286993674,1.3881877286993674,1.3921387054120837,1.3921387054120837,0.9999999999999999,1.0000000000000002,0.9971619374582744,0.9971619374582744,1.0,1.0,0.0,0,162,7,7,0.00048566702753305435,random_n4_b2_g4,174,20260830,"(0.4452207166247003, 1.9838448693901418, 1.625174470068419, 0.14736249836819437)","(0.8856645444398439, 0.4823156389688742, 0.21570860682050408, 0.5269167068849101)"
4,2,4,0.9672401707881617,0.9672401707881617,0.9672401707881617,0.7910056737684079,0.8713290782460485,0.8713290782460485,1.0,1.0,1.0,0.817796549045158,0.9008404577903755,0.9008404577903755,0.0,0,162,7,7,0.0004227920435369015,random_n4_b2_g4,175,20260830,"(0.838028508257622, 0.8889382426160853, 0.5863202002424742, 1.832174068972194)","(0.5195769739217003, 0.5982641188238678, 0.22602281481896497, 0.13873571051520825)"
4,2,4,0.5236684274447007,0.5236684274447005,0.5236684274447005,0.5236684274447005,0.5236684274447007,0.5236684274447007,1.0000000000000002,0.9999999999999998,0.9999999999999998,0.9999999999999998,1.0,1.0,0.0,0,162,7,7,0.0003993748687207699,random_n4_b2_g4,176,20260830,"(0.645641395098605, 0.4191866682663789, 1.0882418754154646, 0.447933736230552)","(0.45225353277950353, 0.13627575529729047, 0.2060161688087493, 0.5172078074588826)"
4,2,4,1.479840980530888,1.4798409805308883,1.4798409805308883,1.4798409805308883,1.479840980530888,1.479840980530888,0.9999999999999999,1.0000000000000002,1.0000000000000002,1.0000000000000002,1.0,1.0,0.0,0,162,7,7,0.00042783282697200775,random_n4_b2_g4,177,20260830,"(0.28065673794949736, 0.18464682748061995, 1.5771934964942664, 1.5245539963935633)","(0.6141247876640505, 0.5490556961288076, 0.4979709075587352, 0.4555066631478187)"
4,2,4,0.21218672784974268,0.21218672784974268,0.21218672784974268,0.21218672784974268,0.21218672784974268,0.21218672784974268,1.0,1.0,1.0,1.0,1.0,1.0,0.0,0,162,7,7,0.00038466695696115494,random_n4_b2_g4,178,20260830,"(0.3420351548607167, 0.10780652700495333, 0.18750561892658607, 0.18693879163826455)","(0.2743266449530999, 0.5576737487493475, 0.25791991865688085, 0.6331343554943667)"
4,2,4,0.43031316787295665,0.4303131678729567,0.4303131678729567,0.41584265280599675,0.41666938755576977,0.41666938755576977,0.9999999999999999,1.0000000000000002,1.0000000000000002,0.9663721304684032,0.9682933701875119,0.9682933701875119,0.0,0,162,7,7,0.00041787512600421906,random_n4_b2_g4,179,20260830,"(0.4319442194746773, 0.2960215817058665, 0.24893924408938645, 0.1961265917239193)","(0.5433187087953275, 0.5149812480221083, 0.3018292600601616, 0.7718762900740953)"
4,2,4,0.46596912765018245,0.45127297896119456,0.45127297896119456,0.43472407765018395,0.46596912765018245,0.46596912765018245,1.0325659841695323,0.968461110796978,0.968461110796978,0.9329460941810396,1.0,1.0,0.0,0,162,7,7,0.0003939173184335232,random_n4_b2_g4,180,20260830,"(0.3741844152709079, 0.7099623061663966, 0.67326457058859, 0.2926711685821838)","(0.10048256821519888, 0.2634796861010662, 0.30580699874225736, 0.8384288840569476)"
4,2,4,0.5347824582094913,0.5347824582094913,0.5347824582094913,0.5347824582094913,0.5347824582094913,0.5347824582094913,1.0,1.0,1.0,1.0,1.0,1.0,0.0,0,162,7,7,0.0003963750787079334,random_n4_b2_g4,181,20260830,"(1.4094786224595743, 0.11021261389333013, 0.24179163049970076, 0.1827978581656424)","(0.14222428126758196, 0.9388503826116875, 0.8561004537742749, 0.7777654077113129)"
4,2,4,0.92001986086182,0.9200198608618202,0.9200198608618202,0.8034861871920672,0.8689492955264024,0.8689492955264024,0.9999999999999998,1.0000000000000002,1.0000000000000002,0.8733356978178809,0.9444897142898876,0.9444897142898876,0.0,0,162,7,7,0.0004900828935205936,random_n4_b2_g4,182,20260830,"(0.1438927762069432, 1.2925809643438453, 0.24959421799429218, 0.17724527709760524)","(0.736333920523663, 0.5148435289782162, 0.8785284389493052, 0.37988623011129374)"
4,2,4,0.5111631077011447,0.5111631077011447,0.5111631077011447,0.5111631077011447,0.5111631077011448,0.5111631077011448,1.0,1.0,1.0,1.0,1.0000000000000002,1.0000000000000002,0.0,0,162,7,7,0.00040687480941414833,random_n4_b2_g4,183,20260830,"(0.4899501268075517, 0.21629581692157662, 0.1293785126136453, 0.8042451299111628)","(0.1840896515222155, 0.5023807523645555, 0.26044804167956065, 0.5004696174004027)"
4,2,4,0.39062137655398804,0.390621376553988,0.390621376553988,0.390621376553988,0.390621376553988,0.390621376553988,1.0000000000000002,0.9999999999999999,0.9999999999999999,0.9999999999999999,0.9999999999999999,0.9999999999999999,0.0,0,162,7,7,0.000418749637901783,random_n4_b2_g4,184,20260830,"(0.11565733243314118, 0.17359796871498462, 1.3568576061908422, 0.4149103480032202)","(0.17080816132676402, 0.08155725467588588, 0.06621937444953942, 0.7249062745781326)"
4,2,4,1.251352537316988,1.2120664492015256,1.2120664492015254,1.1922008017528098,1.251352537316988,1.251352537316988,1.0324124870722582,0.968605099726976,0.9686050997269758,0.9527297593602161,1.0,1.0,0.0,0,162,7,7,0.0004009590484201908,random_n4_b2_g4,185,20260830,"(1.3401637308862242, 0.11557937665168963, 0.1404724300003792, 0.441350136988747)","(0.7896736352658325, 0.47397449893877003, 0.9100259444192951, 0.2904289750713614)"
4,2,4,1.8352740399004315,1.8352740399004317,1.8352740399004317,1.8352740399004317,1.8352740399004315,1.8352740399004315,0.9999999999999999,1.0000000000000002,1.0000000000000002,1.0000000000000002,1.0,1.0,0.0,0,162,7,7,0.0004121670499444008,random_n4_b2_g4,186,20260830,"(0.7645238351151595, 1.9484893050550431, 0.19231544991234156, 1.9068977631017787)","(0.13157401816895897, 0.5851941179830118, 0.7360351375692298, 0.36448181600405893)"
4,2,4,0.4025459122688346,0.4025459122688346,0.4025459122688346,0.4025459122688346,0.4025459122688346,0.4025459122688346,1.0,1.0,1.0,1.0,1.0,1.0,0.0,0,162,7,7,0.0004059169441461563,random_n4_b2_g4,187,20260830,"(0.31336138487273996, 0.2453030239678088, 0.5231269080142544, 0.17131987946682395)","(0.14156768946970208, 0.10471143169556021, 0.6421902352791172, 0.3887401761989936)"
4,2,4,1.6117917159986725,1.6042022680623518,1.6042022680623518,1.6042022680623518,1.604202268062352,1.604202268062352,1.0047309794328416,0.995291297342586,0.995291297342586,0.995291297342586,0.9952912973425861,0.9952912973425861,0.0,0,162,7,7,0.00040962500497698784,random_n4_b2_g4,188,20260830,"(0.22034555899521954, 1.8077427855644186, 0.4524603838056922, 0.26098929588563174)","(0.46026562305247376, 0.8202266412786122, 0.2684068685566065, 0.21287526613952606)"
4,2,4,2.474350124145274,2.3271586040060295,2.3271586040060295,2.1221195429533153,2.474350124145274,2.474350124145274,1.0632494578950764,0.9405130588824452,0.9405130588824452,0.8576472352256004,1.0,1.0,0.0,0,162,7,7,0.00041012512519955635,random_n4_b2_g4,189,20260830,"(0.6848059103362484, 0.7810454999597156, 0.8580932495476683, 1.8515488407964882)","(0.4010972039443254, 0.38034486640237936, 0.7351824717407227, 0.9161537899750137)"
4,2,4,1.298281830601237,1.298281830601237,1.298281830601237,1.1967724082957385,1.231922563386621,1.231922563386621,1.0,1.0,1.0,0.921812491007065,0.9488868551877641,0.9488868551877641,0.0,0,162,7,7,0.00040083378553390503,random_n4_b2_g4,190,20260830,"(0.15570730280956668, 0.16955732960369552, 1.5682025927622483, 0.2291923343769263)","(0.8635165017785653, 0.9225284080695052, 0.662650355642057, 0.2086677687296527)"
4,2,4,0.8898247529523011,0.8898247529523012,0.8898247529523012,0.8898247529523012,0.8898247529523011,0.8898247529523011,0.9999999999999999,1.0000000000000002,1.0000000000000002,1.0000000000000002,1.0,1.0,0.0,0,162,7,7,0.0004169587045907974,random_n4_b2_g4,191,20260830,"(1.322470311330018, 0.7490743841564154, 0.23094577294504093, 0.23660662136451133)","(0.5504069582476956, 0.07783702225953702, 0.7011511380154061, 0.07348655652031082)"
4,2,4,0.9624680434837938,0.9572552320889371,0.9040934295788874,0.9040934295788874,0.9624680434837938,0.9624680434837938,1.0054455815127603,0.9945839122346462,0.9393490367808879,0.9393490367808879,1.0,1.0,0.0,0,162,7,7,0.00040279189124703407,random_n4_b2_g4,192,20260830,"(1.012354816936124, 0.45893184015950556, 0.15861584827053452, 0.9204868339190309)","(0.30497270435561064, 0.9411795916625156, 0.5706635160555544, 0.45857020078349275)"
4,2,4,0.32715957566210363,0.32715957566210363,0.32715957566210363,0.32715957566210363,0.3271595756621037,0.3271595756621037,1.0,1.0,1.0,1.0,1.0000000000000002,1.0000000000000002,0.0,0,162,7,7,0.00040008313953876495,random_n4_b2_g4,193,20260830,"(0.5962341979418974, 0.17541053445236957, 0.4510513279023779, 0.3030783512102545)","(0.1667004295374751, 0.3407178113989115, 0.19591672142443856, 0.7515122008904178)"
4,2,4,0.9050183866969953,0.9050183866969954,0.9050183866969954,0.8702532360695592,0.8702532360695592,0.8702532360695592,0.9999999999999999,1.0000000000000002,1.0000000000000002,0.9615862493641517,0.9615862493641517,0.9615862493641517,0.0,0,162,7,7,0.00048337504267692566,random_n4_b2_g4,194,20260830,"(0.4336681242078177, 0.7901109450603006, 0.10577708175545174, 1.0272415915792108)","(0.7456264790811457, 0.5038782379765325, 0.7926189533426843, 0.4334311698444985)"
4,2,4,1.5476244145128657,1.5476244145128657,1.5476244145128657,1.5476244145128657,1.5476244145128657,1.5476244145128657,1.0,1.0,1.0,1.0,1.0,1.0,0.0,0,162,7,7,0.0004103342071175575,random_n4_b2_g4,195,20260830,"(1.32614049211486, 0.2531472648421001, 1.9681759078704293, 0.15335839335566434)","(0.6074161348445061, 0.6092547995742398, 0.37705231507209425, 0.1609489031872815)"
4,2,4,1.4686541962279414,1.4120558223441417,1.4120558223441417,1.3050011732643452,1.4686541962279414,1.4686541962279414,1.0400822495741289,0.9614624231972607,0.9614624231972607,0.888569396809733,1.0,1.0,0.0,0,162,7,7,0.0004088329151272774,random_n4_b2_g4,196,20260830,"(0.6195069488777197, 0.5545026842770703, 0.16333649831812702, 1.3954696628069152)","(0.9492435176428734, 0.316668588816276, 0.3304757780187114, 0.5904770909385678)"
4,2,4,0.9644307501575144,0.9644307501575144,0.9644307501575144,0.9644307501575144,0.9644307501575144,0.9644307501575144,1.0,1.0,1.0,1.0,1.0,1.0,0.0,0,162,7,7,0.0004059579223394394,random_n4_b2_g4,197,20260830,"(0.17174471783357553, 1.7198303868293467, 0.7262973530698894, 0.5070228060651167)","(0.3283659494306055, 0.2923220124770709, 0.635671420815317, 0.29338078254013955)"
4,2,4,1.527759899848684,1.5277598998486843,1.5277598998486843,1.5277598998486843,1.5277598998486845,1.5277598998486845,0.9999999999999999,1.0000000000000002,1.0000000000000002,1.0000000000000002,1.0000000000000002,1.0000000000000002,0.0,0,162,7,7,0.00040954118594527245,random_n4_b2_g4,198,20260830,"(0.9176798803296017, 1.8501783181434674, 0.11041870836947995, 0.9526173516114196)","(0.6132116133462139, 0.5215864494967982, 0.5824940885762815, 0.18941425074369167)"
4,2,4,0.8224392582694081,0.8224392582694081,0.8224392582694081,0.8224392582694081,0.8224392582694082,0.8224392582694082,1.0,1.0,1.0,1.0,1.0000000000000002,1.0000000000000002,0.0,0,162,7,7,0.0004048747941851616,random_n4_b2_g4,199,20260830,"(0.4756710687355642, 0.862211793833446, 0.5403000755958286, 0.2517823264178757)","(0.5029443163743149, 0.6764036423025521, 0.20982704618320774, 0.4518571840876671)"
4,2,4,0.5218506485703848,0.5203958150776262,0.5098501917354111,0.5098501917354111,0.5218506485703848,0.5218506485703848,1.0027956287322208,0.9972121650193516,0.9770040396273358,0.9770040396273358,1.0,1.0,0.0,0,162,7,7,0.0004093749448657036,random_n4_b2_g4,200,20260830,"(0.5954057447376246, 0.20160999371053165, 0.12654204615740317, 0.13765769305115638)","(0.6455442241229609, 0.37221383237704764, 0.9329661730536907, 0.44654477636034207)"
4,2,4,1.1714431781122725,1.1714431781122723,1.1714431781122723,1.1714431781122723,1.1714431781122725,1.1714431781122725,1.0000000000000002,0.9999999999999998,0.9999999999999998,0.9999999999999998,1.0,1.0,0.0,0,162,7,7,0.00040958262979984283,random_n4_b2_g4,201,20260830,"(0.12600313042047226, 1.867910172246986, 1.1702334877288363, 0.22399642449643653)","(0.8650400385430405, 0.2917257079123365, 0.5353852606053973, 0.21930012661578335)"
4,2,4,0.47137356674282105,0.46861954407102424,0.46518080774497905,0.46518080774497905,0.47137356674282105,0.47137356674282105,1.0058768839384544,0.9941574520378242,0.9868623116891475,0.9868623116891475,1.0,1.0,0.0,0,162,7,7,0.00040183356031775475,random_n4_b2_g4,202,20260830,"(0.2551652041038527, 0.17784464756646493, 0.30813378451449924, 0.2016921087187084)","(0.3713348702361556, 0.92373148928449, 0.8251678844477472, 0.15210838164092022)"
4,2,4,0.8756271660585117,0.8756271660585119,0.8756271660585119,0.8756271660585119,0.8756271660585117,0.8756271660585117,0.9999999999999998,1.0000000000000002,1.0000000000000002,1.0000000000000002,1.0,1.0,0.0,0,162,7,7,0.00041837478056550026,random_n4_b2_g4,203,20260830,"(0.8317599857187219, 0.1717934904757317, 0.22727305688189703, 0.558997295595375)","(0.7952962963521377, 0.15810722580590497, 0.2628522282054422, 0.3830636241888055)"
4,2,4,1.1226735939106756,1.0993698366396465,1.0625088675115633,1.0625088675115633,1.1226735939106756,1.1226735939106756,1.0211973773468805,0.979242624572781,0.9464094223597644,0.9464094223597644,1.0,1.0,0.0,0,162,7,7,0.00040395790711045265,random_n4_b2_g4,204,20260830,"(0.7233657147061592, 0.32941604393381735, 0.5294803064045228, 0.307812233641152)","(0.9478586128949688, 0.2615098219643545, 0.45375843433748086, 0.8412559271231619)"
4,2,4,1.4195027212289215,1.4195027212289215,1.4195027212289215,1.4195027212289215,1.4195027212289215,1.4195027212289215,1.0,1.0,1.0,1.0,1.0,1.0,0.0,0,162,7,7,0.0004995842464268208,random_n4_b2_g4,205,20260830,"(0.254071636029844, 0.23547754865859125, 0.24064329514762903, 1.5862840028226917)","(0.8118038653368355, 0.08414643134293175, 0.7536720557971811, 0.7040475472247594)"
4,2,4,0.6697042995317614,0.6454818229947829,0.6454818229947829,0.6454818229947829,0.6454818229947829,0.6454818229947829,1.037526194656568,0.9638310870127097,0.9638310870127097,0.9638310870127097,0.9638310870127097,0.9638310870127097,0.0,0,162,7,7,0.00039670802652835846,random_n4_b2_g4,206,20260830,"(0.7260492068161619, 0.6154372151242525, 0.1239730903617925, 0.2705455517100738)","(0.7482352104549137, 0.13157117096026794, 0.8245841225199794, 0.287192259474514)"
4,2,4,1.1596169570158739,1.1596169570158736,1.1596169570158736,1.1596169570158736,1.1596169570158736,1.1596169570158736,1.0000000000000002,0.9999999999999998,0.9999999999999998,0.9999999999999998,0.9999999999999998,0.9999999999999998,0.0,0,162,7,7,0.0004070829600095749,random_n4_b2_g4,207,20260830,"(0.1938619226808599, 0.107410615565925, 1.9529112774715562, 0.10688725823333318)","(0.5466200973965964, 0.43167178420241825, 0.5395268828201627, 0.30478682763405157)"
4,2,4,1.4579339497701234,1.4541923493277664,1.4541923493277664,1.4541923493277664,1.4541923493277666,1.4541923493277666,1.0025729749190928,0.9974336282909477,0.9974336282909477,0.9974336282909477,0.9974336282909478,0.9974336282909478,0.0,0,162,7,7,0.000407584011554718,random_n4_b2_g4,208,20260830,"(1.6149708107664655, 1.2436936299422, 1.9190142228092033, 0.4345908859871728)","(0.2340779595618182, 0.8431348456176164, 0.21135378145196915, 0.1451269510062677)"
4,2,4,1.290366539046693,1.290366539046693,1.290366539046693,1.1305717591158786,1.2294212538408025,1.2294212538408025,1.0,1.0,1.0,0.8761632643939536,0.95276901301942,0.95276901301942,0.0,0,162,7,7,0.00041687488555908203,random_n4_b2_g4,209,20260830,"(0.2580465418294207, 1.1757561702048576, 0.5951913803518718, 0.5319818249156667)","(0.7483521618576225, 0.7071045738329852, 0.23298058195199806, 0.7763343782236175)"
4,2,4,1.5310493978138147,1.5310493978138147,1.5310493978138147,1.5310493978138147,1.5310493978138149,1.5310493978138149,1.0,1.0,1.0,1.0,1.0000000000000002,1.0000000000000002,0.0,0,162,7,7,0.0004077078774571419,random_n4_b2_g4,210,20260830,"(0.16399906316303312, 0.17901189072190507, 1.870371410300494, 1.292538594564629)","(0.6982167129936933, 0.811356063000291, 0.7146884701148902, 0.07285873709430706)"
4,2,4,1.047553464821327,1.023536714821316,1.023536714821316,0.9303571739858612,1.047553464821327,1.047553464821327,1.023464473381596,0.9770734852143252,0.9770734852143252,0.8881238096468375,1.0,1.0,0.0,0,162,7,7,0.00040950020775198936,random_n4_b2_g4,211,20260830,"(0.6644112052059138, 1.3411671374108431, 1.0783225742944678, 0.2585585679911523)","(0.8361167138660781, 0.34895829774971554, 0.32011743012692634, 0.16196382587676017)"
4,2,4,0.4305984315868534,0.4305984315868534,0.4305984315868534,0.4305984315868534,0.4305984315868534,0.4305984315868534,1.0,1.0,1.0,1.0,1.0,1.0,0.0,0,162,7,7,0.00042570801451802254,random_n4_b2_g4,212,20260830,"(0.35506156070354006, 0.4068321964055703, 0.4514823303049185, 1.3375202283595722)","(0.1925143821055249, 0.5743763376300182, 0.24520535056595533, 0.14723040475205865)"
4,2,4,0.743150775644503,0.7356730619889918,0.7356730619889917,0.7356730619889917,0.7356730619889917,0.7356730619889917,1.0101644521756636,0.9899378243277401,0.9899378243277399,0.9899378243277399,0.9899378243277399,0.9899378243277399,0.0,0,162,7,7,0.0004062908701598644,random_n4_b2_g4,213,20260830,"(0.3840735105765, 0.8337598581279265, 1.623327970526445, 0.166591741528208)","(0.9010457870680342, 0.3752136077007569, 0.12251408066668346, 0.8521899609191237)"
4,2,4,0.6122318400351929,0.6090059198803295,0.600143373905395,0.600143373905395,0.6122318400351929,0.6122318400351929,1.0052970259394152,0.9947308847010015,0.9802550842029009,0.9802550842029009,1.0,1.0,0.0,0,162,7,7,0.0004059169441461563,random_n4_b2_g4,214,20260830,"(0.10535504647457161, 0.3284719218141274, 0.40693825812426015, 0.30514676809375324)","(0.9019893592952724, 0.505700527179314, 0.9393006168715461, 0.2119103311157821)"
4,2,4,1.5772367288287568,1.5212219545496786,1.5212219545496786,1.495900495973165,1.5772367288287568,1.5772367288287568,1.0368222231552398,0.9644854997000518,0.9644854997000518,0.9484311826063095,1.0,1.0,0.0,0,162,7,7,0.00047341594472527504,random_n4_b2_g4,215,20260830,"(0.1253022058093479, 1.1761475343500143, 0.6485530409499037, 1.940168281274948)","(0.9442204389946341, 0.7806073163655813, 0.8254015149564011, 0.15955718057339174)"
4,2,4,0.8410735604474999,0.8410735604474999,0.8410735604474999,0.8410735604474999,0.8410735604474999,0.8410735604474999,1.0,1.0,1.0,1.0,1.0,1.0,0.0,0,162,7,7,0.0004259580746293068,random_n4_b2_g4,216,20260830,"(0.9254129866088875, 0.2777312836820799, 0.11475222259887864, 0.7223356314051737)","(0.2867473709933481, 0.4179035306782883, 0.6145394877669237, 0.7970170574783243)"
4,2,4,0.6756419416259826,0.6756419416259825,0.6756419416259825,0.6756419416259825,0.6756419416259826,0.6756419416259826,1.0000000000000002,0.9999999999999999,0.9999999999999999,0.9999999999999999,1.0,1.0,0.0,0,162,7,7,0.00051837507635355,random_n4_b2_g4,217,20260830,"(0.2134473203005347, 0.6982126823140049, 0.16185538738741168, 1.1004149790855988)","(0.8337690174718824, 0.5104405002945688, 0.3718553097606639, 0.26140051320736424)"
4,2,4,0.8975603409076813,0.8975603409076813,0.8975603409076813,0.8975603409076813,0.8975603409076813,0.8975603409076813,1.0,1.0,1.0,1.0,1.0,1.0,0.0,0,162,7,7,0.00041629234328866005,random_n4_b2_g4,218,20260830,"(0.3711524100908829, 1.084537851819631, 0.5948451159238818, 0.24735613941545143)","(0.7016484258108558, 0.43441839789788883, 0.6291281075825613, 0.5059611449278164)"
4,2,4,0.8785720371620547,0.8785720371620547,0.8785720371620547,0.8785720371620547,0.8785720371620547,0.8785720371620547,1.0,1.0,1.0,1.0,1.0,1.0,0.0,0,162,7,7,0.00040016695857048035,random_n4_b2_g4,219,20260830,"(0.2363530464484503, 0.12517778798887735, 0.14285505038725999, 1.40794007916715)","(0.7082590386238081, 0.6647241100579986, 0.7647543466471672, 0.4781284296771521)"
4,2,4,2.5240520086791203,2.52405200867912,2.52405200867912,2.3493877877738605,2.47586327012683,2.47586327012683,1.0000000000000002,0.9999999999999998,0.9999999999999998,0.930800070559297,0.9809081831964674,0.9809081831964674,0.0,0,162,7,7,0.0004103751853108406,random_n4_b2_g4,220,20260830,"(0.5150335251367335, 1.3412254990955401, 0.25853543241451865, 1.559925590392132)","(0.2918482091878205, 0.8794205894982547, 0.3065494793868605, 0.8619325805639472)"
4,2,4,0.4009483060654788,0.40094830606547893,0.40094830606547893,0.40094830606547893,0.40094830606547893,0.40094830606547893,0.9999999999999998,1.0000000000000002,1.0000000000000002,1.0000000000000002,1.0000000000000002,1.0000000000000002,0.0,0,162,7,7,0.00041329115629196167,random_n4_b2_g4,221,20260830,"(0.14917120300573616, 0.33489816839470843, 0.3432002057882585, 0.9237812010422819)","(0.09702481540211275, 0.49962677800728916, 0.3699879452280074, 0.25289994315352504)"
4,2,4,1.1419182304354951,1.1419182304354951,1.1419182304354951,0.9560505598817743,1.082137785747415,1.082137785747415,1.0,1.0,1.0,0.8372320665352403,0.9476491021031501,0.9476491021031501,0.0,0,162,7,7,0.0004093749448657036,random_n4_b2_g4,222,20260830,"(0.28181802274296897, 0.16188107174786065, 0.45985703285672913, 1.3553143428497332)","(0.34414381007851547, 0.2334833519384495, 0.858546958295081, 0.551244349746089)"
4,2,4,0.3226813493818809,0.3226813493818809,0.3226813493818809,0.3226813493818809,0.32268134938188087,0.32268134938188087,1.0,1.0,1.0,1.0,0.9999999999999998,0.9999999999999998,0.0,0,162,7,7,0.00042220763862133026,random_n4_b2_g4,223,20260830,"(1.2078918792187898, 0.20152936184968492, 0.1272465335320334, 0.5517841717808857)","(0.055618317996027344, 0.7041311567016262, 0.47325844207754986, 0.32762492285681044)"
4,2,4,1.6333719223901757,1.6333719223901757,1.6333719223901757,1.6333719223901757,1.633371922390176,1.633371922390176,1.0,1.0,1.0,1.0,1.0000000000000002,1.0000000000000002,0.0,0,162,7,7,0.000418792013078928,random_n4_b2_g4,224,20260830,"(1.3100657109831102, 0.43443379236674967, 1.648465842408704, 1.039607663452037)","(0.23595195339055375, 0.4714157582910777, 0.8033283582502055, 0.16094084230984954)"
4,2,4,1.6843682625805112,1.6645759918731988,1.5526525805104745,1.5526525805104745,1.6843682625805112,1.6843682625805112,1.0118902776466454,0.9882494397769108,0.9218011375563182,0.9218011375563182,1.0,1.0,0.0,0,162,7,7,0.00042470917105674744,random_n4_b2_g4,225,20260830,"(0.2501865186858715, 0.860732894596908, 0.9242854749071062, 1.0990486612720676)","(0.8450927370812177, 0.6040322315374155, 0.9360442556680246, 0.4765723883327372)"
4,2,4,0.347514531642315,0.34751453164231494,0.34751453164231494,0.34751453164231494,0.347514531642315,0.347514531642315,1.0000000000000002,0.9999999999999999,0.9999999999999999,0.9999999999999999,1.0,1.0,0.0,0,162,7,7,0.00040079234167933464,random_n4_b2_g4,226,20260830,"(0.49372583163769185, 0.28660073407915304, 0.21124352790775044, 0.10443371829100645)","(0.41860158020869065, 0.4914157627036299, 0.13023602260253592, 0.4234654954731195)"
4,2,4,1.1617889205196088,1.1390605265706502,1.1175624381068294,1.1175624381068294,1.1342689434743942,1.1342689434743942,1.0199536314522166,0.9804367268894306,0.9619324288331145,0.9619324288331145,0.9763124122126192,0.9763124122126192,0.0,0,162,7,7,0.0004082079976797104,random_n4_b2_g4,227,20260830,"(0.1907224513795152, 0.8615762145771998, 0.2809646837398129, 0.11855382178436288)","(0.7434810770768883, 0.9276539995493217, 0.7611093812259794, 0.9355790579733362)"
4,2,4,1.2418828812886877,1.2071141375922716,1.2071141375922716,1.1040528748548528,1.2418828812886877,1.2418828812886877,1.028803194837703,0.9720032023790062,0.9720032023790062,0.8890152940261079,1.0,1.0,0.0,0,162,7,7,0.0004064170643687248,random_n4_b2_g4,228,20260830,"(0.9712269234954937, 0.5247899835869113, 0.6413864785823281, 0.12634978653565068)","(0.6457624407466815, 0.3095823738586732, 0.9041853676721859, 0.7171560132586821)"
4,2,4,0.8092123092699886,0.8092123092699888,0.8092123092699888,0.8092123092699888,0.8092123092699886,0.8092123092699886,0.9999999999999998,1.0000000000000002,1.0000000000000002,1.0000000000000002,1.0,1.0,0.0,0,162,7,7,0.00048558274284005165,random_n4_b2_g4,229,20260830,"(1.066767675750841, 0.8442091761387605, 0.12009887526028487, 0.6873195684204886)","(0.07501098811973181, 0.7481427054745929, 0.5651472348385871, 0.2584290923874771)"
4,2,4,1.0991412360380375,1.0991412360380375,1.0991412360380375,1.0991412360380375,1.0991412360380373,1.0991412360380373,1.0,1.0,1.0,1.0,0.9999999999999998,0.9999999999999998,0.0,0,162,7,7,0.0004236656241118908,random_n4_b2_g4,230,20260830,"(1.423735978876462, 0.10084818610409632, 1.0100382979571145, 0.16807387160494733)","(0.21453556986639954, 0.508540579989614, 0.7858110213006788, 0.05637009204216076)"
4,2,4,1.4504314220920942,1.450366775620446,1.450366775620446,1.450366775620446,1.450366775620446,1.450366775620446,1.0000445724989946,0.9999554294876244,0.9999554294876244,0.9999554294876244,0.9999554294876244,0.9999554294876244,0.0,0,162,7,7,0.00040116673335433006,random_n4_b2_g4,231,20260830,"(0.47315889982890696, 1.2254710886661, 1.0333005671848667, 0.6857779183757382)","(0.09735212934374826, 0.8820435412872991, 0.3575415794406508, 0.20179883027612638)"
4,2,4,0.9043215681478891,0.9043215681478891,0.9043215681478891,0.9043215681478891,0.9043215681478892,0.9043215681478892,1.0,1.0,1.0,1.0,1.0000000000000002,1.0000000000000002,0.0,0,162,7,7,0.000410416629165411,random_n4_b2_g4,232,20260830,"(0.16638832380486, 1.336068373368902, 0.9541165702742566, 0.1567400536649442)","(0.8080597584554217, 0.2568310184709648, 0.5881647846315056, 0.35830812765380526)"
4,2,4,1.7078369711541055,1.6746174587704734,1.6746174587704734,1.6746174587704734,1.6746174587704734,1.6746174587704734,1.0198370751538817,0.9805487801559986,0.9805487801559986,0.9805487801559986,0.9805487801559986,0.9805487801559986,0.0,0,162,7,7,0.0004088329151272774,random_n4_b2_g4,233,20260830,"(0.37169104815256715, 1.314005053956649, 0.26967081055041114, 1.880257855478929)","(0.4636849727261002, 0.22742860744347182, 0.7982674700122623, 0.731694918953017)"
4,2,4,0.3853728292935652,0.3780567919384575,0.3780567919384575,0.31983326639532683,0.3853728292935652,0.3853728292935652,1.0193516887174419,0.9810156897451258,0.9810156897451258,0.829932060808801,1.0,1.0,0.0,0,162,7,7,0.0004059583880007267,random_n4_b2_g4,234,20260830,"(0.4630384447572472, 0.17691306523874936, 0.13219494029053425, 0.3597798997808642)","(0.45580296690657257, 0.9439805635662033, 0.3364870050364295, 0.05575188126362618)"
4,2,4,0.6799764860233828,0.6799764860233828,0.6799764860233828,0.5014246480810154,0.601624361899316,0.601624361899316,1.0,1.0,1.0,0.7374146876952045,0.884772303550843,0.884772303550843,0.0,0,162,7,7,0.0004142499528825283,random_n4_b2_g4,235,20260830,"(0.12838793518339997, 0.78307138555052, 0.202015070735498, 0.33595921896823544)","(0.2824061931684447, 0.5349920530754445, 0.09800332366729379, 0.7769976325244348)"
4,2,4,1.6676113864707374,1.6085703291804068,1.6085703291804068,1.4803609613725264,1.6676113864707374,1.6676113864707374,1.0367040571489423,0.964595434062559,0.964595434062559,0.8877133925701359,1.0,1.0,0.0,0,162,7,7,0.00041612517088651657,random_n4_b2_g4,236,20260830,"(0.8476561274980285, 1.0128463575336968, 0.11854710791126567, 0.3943680290800437)","(0.7674181433876529, 0.9459121123934418, 0.17824553225252587, 0.3291427677326881)"
4,2,4,0.47344086731480267,0.4734408673148027,0.4734408673148027,0.4734408673148027,0.47344086731480267,0.47344086731480267,0.9999999999999999,1.0000000000000002,1.0000000000000002,1.0000000000000002,1.0,1.0,0.0,0,162,7,7,0.00041562458500266075,random_n4_b2_g4,237,20260830,"(1.019230520728414, 0.3645824511516972, 0.753341071257337, 0.3937209064958276)","(0.15480408570849252, 0.28694611640887635, 0.1674216556293058, 0.8017349681444843)"
4,2,4,0.6570746817203648,0.6570746817203647,0.6570746817203647,0.562182807001071,0.6468933589093983,0.6468933589093983,1.0000000000000002,0.9999999999999998,0.9999999999999998,0.8555843386464898,0.9845050751547608,0.9845050751547608,0.0,0,162,7,7,0.0004120827652513981,random_n4_b2_g4,238,20260830,"(0.30088662044508535, 0.2936746079098381, 1.353962849392351, 0.5722255834020663)","(0.1106786859808993, 0.7386626963493255, 0.05185136787056075, 0.7691865179734348)"
4,2,4,2.5925459322417623,2.560141406526168,2.560141406526168,2.560141406526168,2.5601414065261676,2.5601414065261676,1.012657318706299,0.9875008865561066,0.9875008865561066,0.9875008865561066,0.9875008865561063,0.9875008865561063,0.0,0,162,7,7,0.0004054168239235878,random_n4_b2_g4,239,20260830,"(1.9951096733671965, 0.19159884794686774, 1.2038549695822776, 0.15754015502610524)","(0.9186661710980079, 0.830884390404123, 0.6041439046646067, 0.5686732232200595)"
4,2,4,1.406160941961791,1.4061609419617913,1.4061609419617913,1.1530467345860471,1.288611522948596,1.288611522948596,0.9999999999999999,1.0000000000000002,1.0000000000000002,0.8199962750902366,0.9164040078874632,0.9164040078874632,0.0,0,162,7,7,0.0004975413903594017,random_n4_b2_g4,240,20260830,"(0.7167555453410336, 0.20371631377323124, 1.080895629421133, 0.10234030594399227)","(0.8295508493468496, 0.06727777543215116, 0.7508363883242889, 0.3260414540994061)"
4,2,4,0.8953440370252391,0.895344037025239,0.895344037025239,0.895344037025239,0.8953440370252391,0.8953440370252391,1.0000000000000002,0.9999999999999999,0.9999999999999999,0.9999999999999999,1.0,1.0,0.0,0,162,7,7,0.0004077078774571419,random_n4_b2_g4,241,20260830,"(1.2646073430179077, 0.5017083754551599, 0.5922230229975679, 0.3874779667996941)","(0.5541014981329528, 0.3842154539933582, 0.0995259246285998, 0.5022820144240447)"
4,2,4,0.2028566736465456,0.20285667364654564,0.20285667364654564,0.20285667364654564,0.2028566736465456,0.2028566736465456,0.9999999999999999,1.0000000000000002,1.0000000000000002,1.0000000000000002,1.0,1.0,0.0,0,162,7,7,0.00041574984788894653,random_n4_b2_g4,242,20260830,"(0.35376402385777633, 0.10367324082041783, 0.13001693695802968, 0.8597088260319607)","(0.34282901896673323, 0.437490871895485, 0.6274267207817198, 0.07207285866561752)"
4,2,4,0.6629423393656924,0.6507134584689952,0.649481826200287,0.5674093779045277,0.6629423393656924,0.6629423393656924,1.0187930351486343,0.9815536281656142,0.9796958010280586,0.855895519431492,1.0,1.0,0.0,0,162,7,7,0.0004180832765996456,random_n4_b2_g4,243,20260830,"(0.22356476707565065, 0.3501949997096135, 0.42546287431952595, 0.7411219525850273)","(0.5197560906229461, 0.5175772013559718, 0.8405502439806372, 0.3938068523922479)"
4,2,4,1.1192457278831276,1.1192457278831276,1.1192457278831276,1.1192457278831276,1.1192457278831276,1.1192457278831276,1.0,1.0,1.0,1.0,1.0,1.0,0.0,0,162,7,7,0.0004071672447025776,random_n4_b2_g4,244,20260830,"(0.3163834370964236, 0.23011619117828, 1.4626025378441734, 0.13866303177484496)","(0.19660910056092162, 0.8294130096785057, 0.611662674190781, 0.7343843425266974)"
4,2,4,1.9567565906551183,1.9567565906551183,1.9567565906551185,1.773213452703756,1.9100412811253178,1.9100412811253178,1.0,1.0,1.0000000000000002,0.9062003220901826,0.9761261519430169,0.9761261519430169,0.0,0,162,7,7,0.00041116587817668915,random_n4_b2_g4,245,20260830,"(0.6213414606055874, 1.1126663581125644, 0.6061013781948784, 1.8023047710031193)","(0.6826760924814972, 0.7819789294049534, 0.5599048378318429, 0.5720879101889809)"
4,2,4,1.2222470798410807,1.2222470798410807,1.2222470798410807,1.0185709797708586,1.1281522974633535,1.1281522974633535,1.0,1.0,1.0,0.8333593072714034,0.9230149255991992,0.9230149255991992,0.0,0,162,7,7,0.00040620798245072365,random_n4_b2_g4,246,20260830,"(0.1105214016482597, 0.33252505062294924, 1.1700979985033648, 0.7756234545866506)","(0.2625352391359479, 0.6728962393622567, 0.567025778936477, 0.7204157474911341)"
4,2,4,1.0533444972817316,1.0520881937593323,1.0520881937593323,1.0520881937593323,1.0520881937593323,1.0520881937593323,1.0011941047621782,0.9988073194233782,0.9988073194233782,0.9988073194233782,0.9988073194233782,0.9988073194233782,0.0,0,162,7,7,0.000409791711717844,random_n4_b2_g4,247,20260830,"(0.2715100006522645, 0.24183650022890443, 1.1721297998576237, 0.24381907676846543)","(0.3356142465676354, 0.3583867130195418, 0.7326759886201728, 0.7927879820537604)"
4,2,4,1.4498985380008287,1.4242687048119298,1.4242687048119298,1.0983644028277708,1.4498985380008287,1.4498985380008287,1.0179950827412747,0.9823230160475656,0.9823230160475656,0.7575456999510011,1.0,1.0,0.0,0,162,7,7,0.0004037921316921711,random_n4_b2_g4,248,20260830,"(0.12601838116771816, 0.4766301199564001, 0.7733369667600019, 1.0377107705090143)","(0.5756617562691936, 0.21400463463015118, 0.589581074454565, 0.9331346388157412)"
4,2,4,0.631357868857083,0.631357868857083,0.631357868857083,0.631357868857083,0.631357868857083,0.631357868857083,1.0,1.0,1.0,1.0,1.0,1.0,0.0,0,162,7,7,0.00041516590863466263,random_n4_b2_g4,249,20260830,"(0.9658377164634996, 0.3868796667608371, 0.14667910262297243, 0.10673913120170875)","(0.43654728689663386, 0.5420911259266309, 0.1389467636552478, 0.516903257700178)"
4,2,4,0.6568256059429478,0.6568256059429479,0.6568256059429479,0.6568256059429479,0.6568256059429478,0.6568256059429478,0.9999999999999998,1.0000000000000002,1.0000000000000002,1.0000000000000002,1.0,1.0,0.0,0,162,7,7,0.0004205000586807728,random_n4_b2_g4,250,20260830,"(0.6625685849850776, 0.33470157093131886, 0.3083855124689647, 0.19902931729672776)","(0.6913356075450139, 0.3758887403370425, 0.6445450342679531, 0.3213941106222503)"
4,2,4,1.087440365718195,1.0636616394993579,1.0636616394993579,1.0636616394993579,1.0636616394993579,1.0636616394993579,1.0223555361365004,0.9781333055416491,0.9781333055416491,0.9781333055416491,0.9781333055416491,0.9781333055416491,0.0,0,162,7,7,0.00041666673496365547,random_n4_b2_g4,251,20260830,"(0.9994954740865347, 0.24305140826253088, 0.11017428225438254, 0.2639428667037773)","(0.9478569122655118, 0.2734665177176913, 0.6486343667560328, 0.4405610466406175)"
4,2,4,0.9632512343578064,0.9632512343578064,0.9632512343578064,0.840000171308647,0.956381661639507,0.956381661639507,1.0,1.0,1.0,0.8720468153551549,0.9928683478688929,0.9928683478688929,0.0,0,162,7,7,0.0004908330738544464,random_n4_b2_g4,252,20260830,"(0.6115102105306264, 0.5512072584335825, 0.1105714125085459, 0.20627255854728574)","(0.8947650788654833, 0.7548762216734471, 0.49432224986582207, 0.19003272682652206)"
4,2,4,1.4483765071555612,1.4483765071555612,1.4483765071555612,1.4483765071555612,1.4483765071555612,1.4483765071555612,1.0,1.0,1.0,1.0,1.0,1.0,0.0,0,162,7,7,0.00041224993765354156,random_n4_b2_g4,253,20260830,"(1.346005173423178, 0.22287603693301267, 0.4433496242175988, 1.0365004981118036)","(0.6866856104898669, 0.30939293046507654, 0.48496797218377297, 0.5056380810966238)"
4,2,4,0.7740690207785755,0.7740690207785754,0.7740690207785754,0.7740690207785754,0.7740690207785755,0.7740690207785755,1.0000000000000002,0.9999999999999999,0.9999999999999999,0.9999999999999999,1.0,1.0,0.0,0,162,7,7,0.00044787488877773285,random_n4_b2_g4,254,20260830,"(0.8635813611789644, 1.6113605553103754, 0.48917086943878635, 0.2560749951681634)","(0.11930909833441633, 0.37675320579337546, 0.34136081338607543, 0.23384093557329155)"
4,2,4,1.7684525820814405,1.685479715265983,1.685479715265983,1.685479715265983,1.685479715265983,1.685479715265983,1.0492280423572844,0.9530816558746519,0.9530816558746519,0.9530816558746519,0.9530816558746519,0.9530816558746519,0.0,0,162,7,7,0.0004487498663365841,random_n4_b2_g4,255,20260830,"(0.10362127120702, 0.3162912815940039, 0.29429148809119254, 1.5605400092735162)","(0.4435781411828935, 0.7523593531349151, 0.4879224159474677, 0.9275731494494472)"
4,2,4,1.8850455669943558,1.856136689089593,1.8198491573793563,1.5966630449853711,1.8850455669943558,1.8850455669943558,1.0155747570072235,0.9846640959715064,0.9654138813636463,0.8470156228271971,1.0,1.0,0.0,0,162,7,7,0.00044674985110759735,random_n4_b2_g4,256,20260830,"(0.17589833288221868, 1.3172981223556934, 0.2803971699429378, 0.7877947862757493)","(0.8054135519333118, 0.9433097104238656, 0.06319666614232591, 0.7327149875755327)"
4,2,4,0.8593024949953494,0.8593024949953494,0.8593024949953494,0.8593024949953494,0.8593024949953494,0.8593024949953494,1.0,1.0,1.0,1.0,1.0,1.0,0.0,0,162,7,7,0.0004037502221763134,random_n4_b2_g4,257,20260830,"(1.4967494677473046, 0.2523440060387851, 0.5152739919742415, 0.3960015834487519)","(0.2274596333125311, 0.8874417569349758, 0.7616559332216262, 0.3121783946045981)"
4,2,4,0.6956263263912992,0.6956263263912992,0.6956263263912992,0.42294423807042425,0.5803691217385708,0.5803691217385708,1.0,1.0,1.0,0.6080049331435343,0.8343116120250247,0.8343116120250247,0.0,0,162,7,7,0.00042112497612833977,random_n4_b2_g4,258,20260830,"(0.6253847284544976, 0.2826252870484355, 0.6541635119551352, 0.24058966428536638)","(0.598514455744941, 0.16548469036902602, 0.4911990964595338, 0.10096967899477927)"
4,2,4,0.4021367160431463,0.40213671604314644,0.40213671604314644,0.40213671604314644,0.4021367160431463,0.4021367160431463,0.9999999999999998,1.0000000000000002,1.0000000000000002,1.0000000000000002,1.0,1.0,0.0,0,162,7,7,0.0004215841181576252,random_n4_b2_g4,259,20260830,"(1.080593872251003, 0.2988517991469142, 0.11754576888186986, 0.14994119980259116)","(0.3147818726930402, 0.18368430165675054, 0.5273295151750244, 0.1707462663208663)"
4,2,4,2.155736014401279,2.1468812544958364,2.1468812544958364,2.1468812544958364,2.1468812544958364,2.1468812544958364,1.004124475858597,0.9958924655680061,0.9958924655680061,0.9958924655680061,0.9958924655680061,0.9958924655680061,0.0,0,162,7,7,0.0004110001027584076,random_n4_b2_g4,260,20260830,"(1.6786350006500848, 1.2925072502838588, 1.5138518721179983, 0.31027062202499117)","(0.8380647366621906, 0.24303689423645342, 0.488869795225514, 0.06231710305619584)"
4,2,4,0.7975689075390002,0.7975689075390002,0.7975689075390002,0.7975689075390002,0.7975689075390002,0.7975689075390002,1.0,1.0,1.0,1.0,1.0,1.0,0.0,0,162,7,7,0.00040566734969615936,random_n4_b2_g4,261,20260830,"(0.5132820632636094, 0.9980114847151638, 0.5470820435968852, 0.3047215884179435)","(0.6769332651959035, 0.3730891505744046, 0.18684387284661047, 0.7679169788841242)"
4,2,4,1.6385756697124392,1.6385756697124392,1.6385756697124392,1.6385756697124392,1.6385756697124392,1.6385756697124392,1.0,1.0,1.0,1.0,1.0,1.0,0.0,0,162,7,7,0.0004063327796757221,random_n4_b2_g4,262,20260830,"(1.7953908189315917, 1.1308595148784606, 0.1277805768163317, 0.24949962615391835)","(0.5332545939212356, 0.602351802917242, 0.38773790458720414, 0.8150647648161873)"
4,2,4,1.4454729717538484,1.4392617551704685,1.4289622136491915,1.4289622136491915,1.4454729717538484,1.4454729717538484,1.0043155573064222,0.9957029867007173,0.9885776085563027,0.9885776085563027,1.0,1.0,0.0,0,162,7,7,0.0004087090492248535,random_n4_b2_g4,263,20260830,"(0.8942521393439562, 0.5697390243181463, 0.299443758950201, 0.8081559570439363)","(0.8284687276178205, 0.9216521877330477, 0.47730394209759724, 0.3849716080735328)"
4,2,4,0.9850738033319761,0.985073803331976,0.985073803331976,0.8746493792020607,0.948496174162712,0.948496174162712,1.0000000000000002,0.9999999999999999,0.9999999999999999,0.8879023848198897,0.9628681332855045,0.9628681332855045,0.0,0,162,7,7,0.0005047498270869255,random_n4_b2_g4,264,20260830,"(0.24850121669734354, 1.1255098712052745, 0.23797042827958192, 0.2062750506522366)","(0.8751282064002016, 0.682005017382352, 0.2293650128119053, 0.1383994043882033)"
4,2,4,0.6775084988158716,0.6775084988158715,0.6775084988158715,0.5029510168655378,0.5927164313810452,0.5927164313810452,1.0000000000000002,0.9999999999999999,0.9999999999999999,0.7423538121581943,0.8748472268864179,0.8748472268864179,0.0,0,162,7,7,0.0003998749889433384,random_n4_b2_g4,265,20260830,"(0.9235177581851365, 0.34152913718467054, 0.27574381812236815, 0.11414670348495508)","(0.4591123433750931, 0.7422795571608984, 0.2117495545968665, 0.6293309745235143)"
4,2,4,0.25239771320009263,0.24889522731787017,0.24889522731787017,0.24889522731787017,0.24889522731787023,0.24889522731787023,1.0140721295460975,0.9861231473224727,0.9861231473224727,0.9861231473224727,0.986123147322473,0.986123147322473,0.0,0,162,7,7,0.0005645831115543842,random_n4_b2_g4,266,20260830,"(0.5925435194043641, 0.1473691628391997, 0.12081097127366935, 0.23824965095284079)","(0.18648736198861943, 0.9390930019172629, 0.1526173383570218, 0.24524784631248742)"
4,2,4,1.3126072696621525,1.3126072696621527,1.3126072696621527,1.3126072696621527,1.3126072696621527,1.3126072696621527,0.9999999999999998,1.0000000000000002,1.0000000000000002,1.0000000000000002,1.0000000000000002,1.0000000000000002,0.0,0,162,7,7,0.00040358398109674454,random_n4_b2_g4,267,20260830,"(0.16735068918968946, 0.24530714417038652, 0.22517917938729, 1.4059147981330602)","(0.7526309216555416, 0.6876278130693467, 0.24616808440774934, 0.7817290786849431)"
4,2,4,1.9566223761607522,1.9169748459177764,1.8888887843240694,1.8648490357703973,1.9566223761607522,1.9566223761607522,1.020682342456087,0.9797367490395508,0.9653823892326181,0.953096038607904,1.0,1.0,0.0,0,162,7,7,0.00040920916944742203,random_n4_b2_g4,268,20260830,"(0.30058932305546204, 1.6461743606836714, 0.19926628368511345, 0.5315374247705553)","(0.591245728289506, 0.8547949536550127, 0.4610390609577868, 0.9063279940887556)"
4,2,4,0.9374922477147491,0.9374922477147491,0.9300492459844758,0.9300492459844758,0.937492247714749,0.937492247714749,1.0,1.0,0.9920607325037444,0.9920607325037444,0.9999999999999999,0.9999999999999999,0.0,0,162,7,7,0.00040500005707144737,random_n4_b2_g4,269,20260830,"(0.23112400753704468, 1.6430919067274503, 0.19103115482368008, 1.7357602912779182)","(0.9342893277192649, 0.19978840915783208, 0.4094182018435207, 0.3274737447414702)"
4,2,4,1.6891523494989436,1.6835120591919552,1.6835120591919552,1.206332863728628,1.6891523494989436,1.6891523494989436,1.0033503117938434,0.99666087531497,0.99666087531497,0.7141646306127832,1.0,1.0,0.0,0,162,7,7,0.0004048328846693039,random_n4_b2_g4,270,20260830,"(1.2415949475657961, 1.1183488754553554, 0.3216544630669528, 0.11095758058685729)","(0.5033479195890397, 0.9465363167029954, 0.12093719607493478, 0.7387337173114854)"
4,2,4,0.5337139891564305,0.5210653567363482,0.5210653567363482,0.43348152680738794,0.5337139891564305,0.5337139891564305,1.024274560295672,0.9763007290851149,0.9763007290851149,0.8121981728313578,1.0,1.0,0.0,0,162,7,7,0.0004063751548528671,random_n4_b2_g4,271,20260830,"(0.5879919417057505, 0.31829962130205175, 0.3315506933240215, 0.1973621548750598)","(0.3905580517963617, 0.37014119061799533, 0.8789617255512356, 0.12599505641129577)"
4,2,4,1.294580162363087,1.2945115888541678,1.2691882739536409,1.1413695068699106,1.294580162363087,1.294580162363087,1.000052972495194,0.9999470303107426,0.9803860053261618,0.8816522453012794,1.0,1.0,0.0,0,162,7,7,0.00041229091584682465,random_n4_b2_g4,272,20260830,"(0.9638273486843224, 0.4724570713382025, 0.3481393972330356, 0.10137651820734629)","(0.8773055922358644, 0.702887841484081, 0.7344426018176748, 0.1672091605928405)"
4,2,4,0.4917078433469837,0.48009366540690024,0.47934515241422093,0.47934515241422093,0.4793451524142209,0.4793451524142209,1.024191483406139,0.9763799213349386,0.9748576495168112,0.9748576495168112,0.9748576495168111,0.9748576495168111,0.0,0,162,7,7,0.00041729118674993515,random_n4_b2_g4,273,20260830,"(0.2784059342905263, 0.2274933497203939, 1.2992109846654156, 0.5148445684134201)","(0.9334851103564371, 0.1926815338467373, 0.16891587333342833, 0.33209615465008313)"
4,2,4,0.5082236839047838,0.5043066950421133,0.5043066950421133,0.5043066950421133,0.5043066950421135,0.5043066950421135,1.00776707686251,0.9922927856636364,0.9922927856636364,0.9922927856636364,0.9922927856636367,0.9922927856636367,0.0,0,162,7,7,0.00040999986231327057,random_n4_b2_g4,274,20260830,"(0.5865245584412752, 0.3997979082358803, 0.48668766171430106, 0.4320640096570772)","(0.2732461375874646, 0.34763912385402723, 0.3187071939255906, 0.796273508457467)"
4,2,4,0.29771169195438013,0.2977116919543802,0.2977116919543802,0.2977116919543802,0.2977116919543802,0.2977116919543802,0.9999999999999998,1.0000000000000002,1.0000000000000002,1.0000000000000002,1.0000000000000002,1.0000000000000002,0.0,0,162,7,7,0.0004896251484751701,random_n4_b2_g4,275,20260830,"(0.36799460505527215, 0.67424030763626, 1.050663250348276, 0.19729043338314114)","(0.2870034764838933, 0.19031955226928227, 0.16122252151390476, 0.5837127469381421)"
4,2,4,0.9676870871763695,0.9676870871763695,0.9676870871763695,0.9676870871763695,0.9676870871763695,0.9676870871763695,1.0,1.0,1.0,1.0,1.0,1.0,0.0,0,162,7,7,0.00040350016206502914,random_n4_b2_g4,276,20260830,"(0.11456084087859536, 0.2163161743139121, 1.1267443107320754, 0.23686896159514934)","(0.31495594123076776, 0.09981215465575509, 0.8188714257497034, 0.19009821585991288)"
4,2,4,0.3899824165953954,0.3899824165953954,0.3899824165953954,0.376688265424079,0.38946163054908634,0.38946163054908634,1.0,1.0,1.0,0.9659108959645506,0.9986645909555215,0.9986645909555215,0.0,0,162,7,7,0.0003997082822024822,random_n4_b2_g4,277,20260830,"(0.4624882235530088, 0.1047590428536458, 1.4842849375838254, 0.5340663601616461)","(0.17755923456871725, 0.9458783485602418, 0.19598198349823853, 0.1484222661021813)"
4,2,4,0.7241005784350107,0.7241005784350107,0.7241005784350107,0.7241005784350107,0.7241005784350109,0.7241005784350109,1.0,1.0,1.0,1.0,1.0000000000000002,1.0000000000000002,0.0,0,162,7,7,0.00040554068982601166,random_n4_b2_g4,278,20260830,"(1.1669931496825088, 0.6221536442877607, 0.16029784304577036, 0.9140916149737587)","(0.13443675989706297, 0.2847967507034535, 0.23557382637981306, 0.598313378160946)"
4,2,4,1.2855764407377628,1.279305128227634,1.279305128227634,1.1999041536697894,1.2855764407377628,1.2855764407377628,1.004902124107653,0.9951217894857113,0.9951217894857113,0.9333588541659895,1.0,1.0,0.0,0,162,7,7,0.00042295781895518303,random_n4_b2_g4,279,20260830,"(0.7688566328282648, 0.9163868564707268, 0.8018725098145669, 0.42892599483934984)","(0.32040295636903693, 0.76850617295069, 0.7171416468086481, 0.5896674076504029)"
4,2,4,0.9772602304487782,0.9772602304487782,0.9772602304487782,0.8645530832053634,0.9560548717060733,0.9560548717060733,1.0,1.0,1.0,0.8846702815363137,0.9783012159074896,0.9783012159074896,0.0,0,162,7,7,0.0004236656241118908,random_n4_b2_g4,280,20260830,"(0.13860168415958654, 0.44042171979395744, 0.9415077381260273, 0.11370374776948265)","(0.5402676135396439, 0.8658172976872133, 0.6329586715454577, 0.7865680966701912)"
4,2,4,1.6218130094464402,1.6218130094464405,1.6218130094464405,1.5501289470950892,1.5860672327434466,1.5860672327434466,0.9999999999999999,1.0000000000000002,1.0000000000000002,0.9558000448055239,0.977959372322957,0.977959372322957,0.0,0,162,7,7,0.0004015420563519001,random_n4_b2_g4,281,20260830,"(0.2724769276043591, 1.9816244435159307, 0.31570916076832184, 0.16322740759022017)","(0.6136174440239285, 0.6928761574166504, 0.2280748638185675, 0.9305677966024807)"
4,2,4,0.49008275349272723,0.49008275349272734,0.49008275349272734,0.49008275349272734,0.4900827534927272,0.4900827534927272,0.9999999999999998,1.0000000000000002,1.0000000000000002,1.0000000000000002,0.9999999999999999,0.9999999999999999,0.0,0,162,7,7,0.00040233414620161057,random_n4_b2_g4,282,20260830,"(0.28131189554596353, 0.2743803138476522, 0.3236015355405679, 0.9773857968396455)","(0.3982452336237185, 0.41853651041317846, 0.1451875436932175, 0.3839267724395044)"
4,2,4,0.5244645900223546,0.5244645900223546,0.5244645900223546,0.5244645900223546,0.5244645900223546,0.5244645900223546,1.0,1.0,1.0,1.0,1.0,1.0,0.0,0,162,7,7,0.0004110410809516907,random_n4_b2_g4,283,20260830,"(0.37141525642558343, 0.2708394370751583, 0.46098416496086714, 0.7359669756070322)","(0.05550128088485804, 0.4138948743294005, 0.1270510697372107, 0.5603044007654875)"
4,2,4,0.4480018706299764,0.4480018706299763,0.4480018706299763,0.35741927277430896,0.41066794307386734,0.41066794307386734,1.0000000000000002,0.9999999999999999,0.9999999999999999,0.7978075454723192,0.9166656882400728,0.9166656882400728,0.0,0,162,7,7,0.00043504126369953156,random_n4_b2_g4,284,20260830,"(0.20174942655654632, 0.4565239558898088, 0.5162675172856, 0.32101827531035204)","(0.5151474311630398, 0.0601266408909558, 0.43601263364597803, 0.6943614363914792)"
4,2,4,0.4043198124328501,0.40431981243285003,0.40431981243285003,0.40431981243285003,0.4043198124328501,0.4043198124328501,1.0000000000000002,0.9999999999999999,0.9999999999999999,0.9999999999999999,1.0,1.0,0.0,0,162,7,7,0.0004227920435369015,random_n4_b2_g4,285,20260830,"(0.3276506564515208, 1.5120675708196405, 1.5816358076317618, 0.1120046088668975)","(0.5239627698677845, 0.14094127014971386, 0.06456433860751651, 0.8300252047808164)"
4,2,4,1.173063372001223,1.173063372001223,1.173063372001223,0.9699523560239335,1.1512744881396846,1.1512744881396846,1.0,1.0,1.0,0.8268541829664445,0.9814256549291391,0.9814256549291391,0.0,0,162,7,7,0.00043683405965566635,random_n4_b2_g4,286,20260830,"(0.1618117347317334, 1.6966283216132108, 0.45694546011883147, 0.15819754830440255)","(0.5570834023541288, 0.4430828468240126, 0.9220279049255223, 0.35241204670790943)"
4,2,4,1.2547364787266306,1.2547364787266309,1.2547364787266309,1.2547364787266309,1.2547364787266309,1.2547364787266309,0.9999999999999998,1.0000000000000002,1.0000000000000002,1.0000000000000002,1.0000000000000002,1.0000000000000002,0.0,0,162,7,7,0.0004973751492798328,random_n4_b2_g4,287,20260830,"(0.3455225252794655, 0.3476397585442521, 0.3401909343232541, 1.7113660639867712)","(0.4726390961714793, 0.09365255727677613, 0.24139713813986402, 0.6377531070874932)"
4,2,4,0.11608187511353504,0.11608187511353504,0.11608187511353504,0.11608187511353504,0.11608187511353504,0.11608187511353504,1.0,1.0,1.0,1.0,1.0,1.0,0.0,0,162,7,7,0.0004197079688310623,random_n4_b2_g4,288,20260830,"(0.1959943819602104, 0.32084124684593135, 0.9396268452717731, 0.12906453771655357)","(0.2898433078191989, 0.16806769054030612, 0.06308271781556427, 0.3867269228362937)"
4,2,4,0.7625906467754298,0.7625906467754299,0.7625906467754299,0.7625906467754299,0.7625906467754298,0.7625906467754298,0.9999999999999999,1.0000000000000002,1.0000000000000002,1.0000000000000002,1.0,1.0,0.0,0,162,7,7,0.00040520820766687393,random_n4_b2_g4,289,20260830,"(0.699486666544149, 1.0751842534250333, 0.4906926384554208, 1.520373560867503)","(0.09377291604572416, 0.43486925213169475, 0.2537941110464205, 0.19404841163929049)"
4,2,4,0.5640235213225757,0.5640235213225756,0.5640235213225757,0.5640235213225757,0.5640235213225757,0.5640235213225757,1.0000000000000002,0.9999999999999998,1.0,1.0,1.0,1.0,0.0,0,162,7,7,0.00040408316999673843,random_n4_b2_g4,290,20260830,"(0.5558290853984323, 0.20478314539168793, 0.4682110737256485, 0.3947741625008697)","(0.10188403895471773, 0.83937782158479, 0.7278358099854938, 0.38723830301911893)"
4,2,4,1.370327861137489,1.3588648261779368,1.3588648261779368,1.3588648261779368,1.3588648261779368,1.3588648261779368,1.008435743378386,0.9916348231071965,0.9916348231071965,0.9916348231071965,0.9916348231071965,0.9916348231071965,0.0,0,162,7,7,0.00040466710925102234,random_n4_b2_g4,291,20260830,"(0.15317583835161203, 0.1912292283609655, 0.14786584637175068, 1.3185454594143566)","(0.19245578822217563, 0.7601776950966004, 0.7412706740956694, 0.8856620102572891)"
4,2,4,0.4493737767409734,0.4493737767409735,0.4493737767409735,0.4493737767409735,0.4493737767409734,0.4493737767409734,0.9999999999999998,1.0000000000000002,1.0000000000000002,1.0000000000000002,1.0,1.0,0.0,0,162,7,7,0.00044495798647403717,random_n4_b2_g4,292,20260830,"(0.3146405335543384, 0.3442196034326893, 1.7266207843402728, 0.26765685773394393)","(0.37036919221548337, 0.45640568504124246, 0.16927283366586254, 0.33222469289985335)"
4,2,4,0.6524408924566731,0.6524408924566731,0.6524408924566731,0.6524408924566731,0.6524408924566731,0.6524408924566731,1.0,1.0,1.0,1.0,1.0,1.0,0.0,0,162,7,7,0.00047075003385543823,random_n4_b2_g4,293,20260830,"(0.6315212010212498, 0.9749836030943557, 1.3637568308501493, 0.22096517068204213)","(0.17178161069035733, 0.49765562217731263, 0.12262803533810451, 0.4276543898100176)"
4,2,4,0.6718340034372848,0.6718340034372847,0.6718340034372847,0.6718340034372847,0.6718340034372848,0.6718340034372848,1.0000000000000002,0.9999999999999999,0.9999999999999999,0.9999999999999999,1.0,1.0,0.0,0,162,7,7,0.0004081660881638527,random_n4_b2_g4,294,20260830,"(0.47116340058858636, 0.9612105249655254, 0.19160927268497494, 0.2190275458557194)","(0.17858357374800055, 0.540076401320666, 0.7969702095441964, 0.1894694630589599)"
4,2,4,0.5854750617896394,0.5854750617896394,0.5854750617896394,0.5854750617896394,0.5854750617896394,0.5854750617896394,1.0,1.0,1.0,1.0,1.0,1.0,0.0,0,162,7,7,0.00041908444836735725,random_n4_b2_g4,295,20260830,"(0.10893370898240125, 1.5513332114787346, 0.7424818171013957, 0.24354939148256205)","(0.8635772649438521, 0.080210328460223, 0.5705785357825592, 0.5316451774127202)"
4,2,4,1.0724861090462867,1.0724861090462865,1.0724861090462865,0.8455104698691527,0.9352242917820726,0.9352242917820726,1.0000000000000002,0.9999999999999998,0.9999999999999998,0.7883649613150019,0.8720152959498236,0.8720152959498236,0.0,0,162,7,7,0.0004075421020388603,random_n4_b2_g4,296,20260830,"(1.25372292834636, 0.8748372136023885, 0.6225616024718738, 1.247502266364921)","(0.43175346589982694, 0.6071836922292705, 0.461802702596131, 0.06434172535994784)"
4,2,4,0.806445745780459,0.8064457457804588,0.806445745780459,0.806445745780459,0.806445745780459,0.806445745780459,1.0000000000000002,0.9999999999999998,1.0,1.0,1.0,1.0,0.0,0,162,7,7,0.000407208688557148,random_n4_b2_g4,297,20260830,"(0.22927203049290634, 0.5884451989154047, 0.5283374206236916, 0.4534958108282237)","(0.5357112813349103, 0.5578242159252548, 0.6943297199527337, 0.7014603870926344)"
4,2,4,1.03553698926712,1.0355369892671202,1.0355369892671202,1.0355369892671202,1.03553698926712,1.03553698926712,0.9999999999999998,1.0000000000000002,1.0000000000000002,1.0000000000000002,1.0,1.0,0.0,0,162,7,7,0.0004104999825358391,random_n4_b2_g4,298,20260830,"(1.5245141791667878, 0.17406755308665062, 1.5492653971522414, 0.38700306076164076)","(0.44549208506633203, 0.20766959490278897, 0.23003030309202732, 0.520941767123594)"
4,2,4,0.7349939977044283,0.71713322824359,0.71713322824359,0.6809653105449816,0.7349939977044283,0.7349939977044283,1.0249057898273422,0.9756994349387588,0.9756994349387588,0.9264909817927874,1.0,1.0,0.0,0,162,7,7,0.0007775416597723961,random_n4_b2_g4,299,20260830,"(0.3163508444062448, 0.13089529481044995, 0.7857438009074856, 0.5727008428303967)","(0.12776305177179859, 0.8740629967919571, 0.7670725418380573, 0.11591837037258669)"
5,3,5,1.8814491539476366,1.8129860909317843,1.7590229824332742,1.7590229824332742,1.8725763608900448,1.8725763608900448,1.0377625969434028,0.9636115263215039,0.9349298538004659,0.9349298538004659,0.9952840643931434,0.9952840643931434,0.0,0,2562,15,15,0.01828087493777275,random_n5_b3_g5,0,20260830,"(1.4458195781843157, 1.1062286364145384, 0.1960509189711174, 0.275221176272471, 1.0305829833004492)","(0.2352010083807881, 0.9374421070954122, 0.6727822793892273, 0.8132515091545307, 0.35492560562897957)"
5,3,5,2.7884935388331282,2.70699838032544,2.702286043082341,2.341677985698614,2.727967283708642,2.727967283708642,1.0301053591682943,0.9707744854442838,0.9690845632058157,0.8397645370476675,0.9782942817397332,0.9782942817397332,0.0,0,2562,15,15,0.018326125107705593,random_n5_b3_g5,1,20260830,"(0.4475153616597371, 0.9898329133687942, 0.7774858551547646, 1.5943868453017562, 0.10549599120236569)","(0.6964829393359447, 0.7864540446586332, 0.7581545286242071, 0.8009199462581553, 0.635668996657216)"
5,3,5,1.4239292859253596,1.4239292859253598,1.4239292859253598,1.4239292859253598,1.4239292859253596,1.4239292859253596,0.9999999999999999,1.0000000000000002,1.0000000000000002,1.0000000000000002,1.0,1.0,0.0,0,2562,15,15,0.018145333044230938,random_n5_b3_g5,2,20260830,"(0.19356928749438196, 0.11898383267507685, 0.393998044366389, 1.4836358562923249, 0.45806315789865154)","(0.38006480558875483, 0.16021607564883122, 0.11084825299554826, 0.7292415700679699, 0.5860141040059228)"
5,3,5,0.46912874024110335,0.4691287402411034,0.4691287402411034,0.4691287402411033,0.46912874024110335,0.46912874024110335,0.9999999999999999,1.0000000000000002,1.0000000000000002,0.9999999999999999,1.0,1.0,0.0,0,2562,15,15,0.017845542170107365,random_n5_b3_g5,3,20260830,"(0.15136068841115466, 0.403497355359862, 0.2528501079455428, 0.19917309547791784, 0.33910925201319136)","(0.421128600103897, 0.6731252837291704, 0.22858180923851673, 0.39505351382393705, 0.3504488199518707)"
5,3,5,0.7327146542667791,0.732714654266779,0.732714654266779,0.732714654266779,0.7327146542667791,0.7327146542667791,1.0000000000000002,0.9999999999999999,0.9999999999999999,0.9999999999999999,1.0,1.0,0.0,0,2562,15,15,0.0181833328679204,random_n5_b3_g5,4,20260830,"(0.8831901040705978, 0.12603644295098443, 0.2503988273018781, 0.5697330455511057, 0.18838441509037684)","(0.6267913426016125, 0.594320833168539, 0.41626656363698233, 0.10693149807544955, 0.1586427619711054)"
5,3,5,0.6202526347880046,0.6202526347880046,0.6148598103630787,0.6148598103630787,0.6202526347880046,0.6202526347880046,1.0,1.0,0.9913054389091485,0.9913054389091485,1.0,1.0,0.0,0,2562,15,15,0.01768837496638298,random_n5_b3_g5,5,20260830,"(0.1596143542272589, 0.1892932789993956, 0.6503190951253451, 0.17714539029290144, 1.4324209969475166)","(0.19438970597858024, 0.9414201644938269, 0.29697476343310936, 0.6843245623909102, 0.1296114225903245)"
5,3,5,0.5759929838647712,0.5665538323242699,0.561117435657863,0.561117435657863,0.5701820071295783,0.5701820071295783,1.0166606437057841,0.9836123845169661,0.9741740808940121,0.9741740808940121,0.9899113758362079,0.9899113758362079,0.0,0,2562,15,15,0.0184731250628829,random_n5_b3_g5,6,20260830,"(0.1722099035257533, 0.15482143307485435, 1.4136639335346513, 0.3032278608584233, 0.15258090655293488)","(0.4164011245749317, 0.22688477055396078, 0.12658046095099368, 0.7649755364770576, 0.8903995916863267)"
5,3,5,0.6049168711635705,0.6049168711635705,0.6049168711635706,0.6049168711635705,0.6049168711635705,0.6049168711635705,1.0,1.0,1.0000000000000002,1.0,1.0,1.0,0.0,0,2562,15,15,0.017808916978538036,random_n5_b3_g5,7,20260830,"(0.5607788546880368, 0.36833321268960095, 0.20373442546215081, 0.49927973159966893, 0.13131200018499548)","(0.4421688595358425, 0.5157112357677966, 0.1162380982316485, 0.33449054242357174, 0.5696877467080689)"
5,3,5,1.0819773381544657,1.0679920601497668,1.0679920601497668,1.0678636391146867,1.0678636391146872,1.0678636391146872,1.0130949269442489,0.9870743337115048,0.9870743337115048,0.9869556426534286,0.9869556426534289,0.9869556426534289,0.0,0,2562,15,15,0.018250625114887953,random_n5_b3_g5,8,20260830,"(1.2507742219435924, 0.2274398926241254, 0.10825786620192603, 0.3119333192833591, 0.5163516787210065)","(0.6708092234682975, 0.06434333392381744, 0.7551485439759862, 0.47192908373973524, 0.1531639547323087)"
5,3,5,0.38854041397196243,0.38854041397196243,0.38854041397196243,0.3885404139719624,0.3885404139719625,0.3885404139719625,1.0,1.0,1.0,0.9999999999999999,1.0000000000000002,1.0000000000000002,0.0,0,2562,15,15,0.018116250168532133,random_n5_b3_g5,9,20260830,"(0.1356064782314803, 0.24695992630423355, 0.11956192635188856, 1.2774688038309605, 0.23090281521882716)","(0.6066123021898007, 0.401704738583845, 0.5136458148787713, 0.13814455305764628, 0.48877742905803395)"
5,3,5,0.5412607039356336,0.5363488255588504,0.5363488255588503,0.5363488255588503,0.5412607039356336,0.5412607039356336,1.0091579922295257,0.9909251154922798,0.9909251154922796,0.9909251154922796,1.0,1.0,0.0,0,2562,15,15,0.018133416306227446,random_n5_b3_g5,10,20260830,"(0.13342718683820873, 0.5359175218934775, 1.6747332012206217, 0.24374742475775, 0.27024157555657763)","(0.8309302100322478, 0.061270228354935154, 0.12201851746404539, 0.7962372792333404, 0.30511588779918036)"
5,3,5,1.2219784075949347,1.2042224793698084,1.2042224793698084,1.1735505488458096,1.219305039521128,1.219305039521128,1.0147447241097993,0.9854695237536373,0.9854695237536373,0.9603693007600359,0.9978122624285413,0.9978122624285413,0.0,0,2562,15,15,0.017954582814127207,random_n5_b3_g5,11,20260830,"(0.7535624823285997, 0.4270366198908752, 0.13864166995808128, 0.3868033076992001, 1.1272387417661573)","(0.15811600056518704, 0.11376591336568585, 0.9125096262255028, 0.5502372712398201, 0.7285483701664391)"
5,3,5,1.2153099858871053,1.2153099858871053,1.2153099858871053,1.2153099858871053,1.2153099858871053,1.2153099858871053,1.0,1.0,1.0,1.0,1.0,1.0,0.0,0,2562,15,15,0.018499209079891443,random_n5_b3_g5,12,20260830,"(0.2990734825066667, 1.1771261011934038, 0.16881379373922234, 1.156235702548233, 0.12104136479701794)","(0.23184960022602114, 0.17893288284869108, 0.8151797297365102, 0.690816053666491, 0.8715663801989435)"
5,3,5,2.026016956579913,2.019547382018815,2.019547382018815,1.3998266589473722,2.026016956579913,2.026016956579913,1.0032034774814893,0.9968067520165186,0.9968067520165186,0.6909254408760712,1.0,1.0,0.0,0,2562,15,15,0.018837417010217905,random_n5_b3_g5,13,20260830,"(0.5451168639966686, 1.6698904341292569, 0.4539577094870913, 0.6506295337287412, 1.4132700514687488)","(0.2465857954550526, 0.511731203038253, 0.25304464226345724, 0.15609097439565695, 0.7292267069723486)"
5,3,5,3.1355536499713192,3.04860759677593,3.0486075967759305,2.8823296310809443,3.050291650413574,3.050291650413574,1.0285199227632114,0.9722709087767691,0.9722709087767692,0.919241050494323,0.9728079921201397,0.9728079921201397,0.0,0,2562,15,15,0.01758816698566079,random_n5_b3_g5,14,20260830,"(1.202251534299385, 1.4613248153604046, 1.2758001073181713, 0.5773594969653727, 0.46868710351309834)","(0.7921311473760341, 0.8250362101894964, 0.6225824417753212, 0.48686009603601454, 0.7922853962899551)"
5,3,5,0.7277916969514765,0.7277916969514767,0.7277916969514767,0.7277916969514767,0.7277916969514765,0.7277916969514765,0.9999999999999997,1.0000000000000002,1.0000000000000002,1.0000000000000002,1.0,1.0,0.0,0,2562,15,15,0.01842608442530036,random_n5_b3_g5,15,20260830,"(0.34185846910065637, 0.2721918827385161, 0.3791353792971643, 0.7574125232651859, 0.14125126025114015)","(0.3017310512906013, 0.4799175744222118, 0.28727393272314555, 0.6302365698719976, 0.7132743262031824)"
5,3,5,0.3107293411755844,0.31072934117558426,0.31072934117558426,0.31072934117558426,0.3107293411755844,0.3107293411755844,1.0000000000000004,0.9999999999999997,0.9999999999999997,0.9999999999999997,1.0,1.0,0.0,0,2562,15,15,0.018465583212673664,random_n5_b3_g5,16,20260830,"(0.20176564739718947, 0.9705608932616969, 0.13217730104003472, 0.10694720079553367, 1.4245682442053775)","(0.1486245343259634, 0.11142841920008409, 0.08789345969830967, 0.20153330709024253, 0.12115526961707668)"
5,3,5,1.4682800807994953,1.4682800807994953,1.4625945597185566,0.9464217386672109,1.430072027926868,1.430072027926868,1.0,1.0,0.9961277680224042,0.644578477256106,0.9739776808442279,0.9739776808442279,0.0,0,2562,15,15,0.01840695831924677,random_n5_b3_g5,17,20260830,"(1.525887946334588, 0.12215544542239727, 0.8598627860479688, 0.14052980650463837, 0.4605524531762563)","(0.426274204760158, 0.6913156253334979, 0.6888101726346716, 0.9456246509354161, 0.3485733084448274)"
5,3,5,1.0198963406473402,1.0198963406473402,1.0198963406473402,1.0198963406473402,1.0198963406473402,1.0198963406473402,1.0,1.0,1.0,1.0,1.0,1.0,0.0,0,2562,15,15,0.018991874996572733,random_n5_b3_g5,18,20260830,"(0.3317866809904327, 0.10831305735819861, 1.2252235494720345, 1.1010373934763722, 0.4338043152483762)","(0.28639392060052427, 0.07248837503751308, 0.4938061846131614, 0.10307021779867453, 0.694758442551923)"
5,3,5,2.159630940226508,2.121871705264488,2.121871705264488,2.121871705264488,2.1218717052644887,2.1218717052644887,1.0177952488212823,0.982515885349346,0.982515885349346,0.982515885349346,0.9825158853493462,0.9825158853493462,0.0,0,2562,15,15,0.018332625273615122,random_n5_b3_g5,19,20260830,"(0.6025222123279231, 1.1226368881907136, 0.32534046123452204, 1.9761298732097483, 0.8329357529557069)","(0.2346718934301517, 0.24554587029366898, 0.5543699204680299, 0.8429880598912912, 0.1506488867321477)"
5,3,5,0.5879620780383378,0.5848653490681597,0.5785103914987614,0.5058093117269388,0.5701290161985897,0.5681708715589909,1.005294772506376,0.994733114454405,0.9839246664153737,0.8602753997579377,0.9696697074422794,0.966339314696319,0.001958144639598758,0,2562,15,15,0.018118209205567837,random_n5_b3_g5,20,20260830,"(0.15931668537594626, 0.14127239223006605, 0.14122774584611658, 0.13171067377647142, 0.32151128502504217)","(0.6523513383886516, 0.9382917994977363, 0.16230902225250168, 0.8523420142490349, 0.7970574153673523)"
5,3,5,0.5896335624106289,0.5896335624106289,0.5896335624106289,0.5896335624106289,0.5896335624106289,0.5896335624106289,1.0,1.0,1.0,1.0,1.0,1.0,0.0,0,2562,15,15,0.0180399171076715,random_n5_b3_g5,21,20260830,"(0.12258987291559427, 0.6169008778369316, 0.7518920627312023, 0.11120495560406526, 0.12992893500675368)","(0.31762598712013834, 0.3543947776939156, 0.43835019506428285, 0.3724211781745957, 0.29606996657696627)"
5,3,5,1.208019388726746,1.208019388726746,1.2080193887267463,1.2080193887267463,1.208019388726746,1.208019388726746,1.0,1.0,1.0000000000000002,1.0000000000000002,1.0,1.0,0.0,0,2562,15,15,0.01769445789977908,random_n5_b3_g5,22,20260830,"(0.26025353647764915, 0.46337567082868353, 1.0569872850477033, 0.4943758576611872, 0.10768268076129218)","(0.13229101244975144, 0.21626567977025657, 0.7871427601363621, 0.557889793828714, 0.15400201030849442)"
5,3,5,1.0288382470911657,1.0288382470911657,1.028838247091166,1.028838247091166,1.0288382470911657,1.0288382470911657,1.0,1.0,1.0000000000000002,1.0000000000000002,1.0,1.0,0.0,0,2562,15,15,0.018017583061009645,random_n5_b3_g5,23,20260830,"(0.24218165589559154, 1.6646419927817586, 1.3645780735002977, 0.3165071917081252, 0.1801167687515253)","(0.31413879146684065, 0.3119137658440658, 0.15083818872234817, 0.7884203830314338, 0.7758503626726585)"
5,3,5,0.9880750341345639,0.9880750341345638,0.9880750341345638,0.9335062407944832,0.9446153244922499,0.9446153244922499,1.0000000000000002,0.9999999999999999,0.9999999999999999,0.9447726220631852,0.9560157800359975,0.9560157800359975,0.0,0,2562,15,15,0.01792670926079154,random_n5_b3_g5,24,20260830,"(0.2367156506235456, 0.4632836503124358, 0.9715606726074493, 0.19510036268757447, 0.6001535661098694)","(0.7553962504252821, 0.34097735858950634, 0.43940806417509504, 0.7095244672344029, 0.5493962101515923)"
5,3,5,0.7199948166223358,0.7199948166223356,0.7199948166223356,0.6474542137803145,0.679827980493737,0.679827980493737,1.0000000000000002,0.9999999999999997,0.9999999999999997,0.8992484373952493,0.9442123259761358,0.9442123259761358,0.0,0,2562,15,15,0.01874308381229639,random_n5_b3_g5,25,20260830,"(0.6004491217800255, 0.7360251010629919, 0.3349978301020949, 0.3121897516350561, 0.6539660330320054)","(0.4551669555445289, 0.18718548255969075, 0.693832626210849, 0.36159633734487723, 0.3276283214195272)"
5,3,5,1.4580700488351928,1.4417107414687127,1.4417107414687127,1.4417107414687127,1.4417107414687123,1.4417107414687123,1.0113471495327935,0.9887801636282503,0.9887801636282503,0.9887801636282503,0.9887801636282499,0.9887801636282499,0.0,0,2562,15,15,0.017995167057961226,random_n5_b3_g5,26,20260830,"(0.5382335272201859, 0.4400910130742982, 1.284756469655769, 0.536238965524679, 0.14397566674771503)","(0.0799449046401852, 0.5479701519058278, 0.8978198223127627, 0.0877858192092134, 0.11044786768599346)"
5,3,5,1.119866509138638,1.0992068552598577,1.099206855259858,1.0705504987212813,1.119866509138638,1.119866509138638,1.0187950555256464,0.9815516816422424,0.9815516816422426,0.9559625991000581,1.0,1.0,0.0,0,2562,15,15,0.01784783275797963,random_n5_b3_g5,27,20260830,"(0.7546002889920523, 0.10369494224912466, 0.8683418663269901, 0.32108280415199214, 0.14153898530426076)","(0.8207150143743578, 0.3063405582735051, 0.34446943395952784, 0.4610131533475362, 0.84762895766375)"
5,3,5,0.4561021998482155,0.45610219984821543,0.4532130374535862,0.4433753320599979,0.4561021998482155,0.4561021998482155,1.0000000000000002,0.9999999999999999,0.9936655372511013,0.9720964560301334,1.0,1.0,0.0,0,2562,15,15,0.018148417118936777,random_n5_b3_g5,28,20260830,"(0.1599809646822003, 1.10693055619639, 0.10471161930620723, 0.24725112775666208, 0.102194929943498)","(0.5993600488689114, 0.16391050630990384, 0.31987906862983434, 0.542187984669277, 0.8764214373933058)"
5,3,5,0.7381144685331879,0.7373901034695254,0.7373901034695254,0.7373901034695254,0.7373901034695253,0.7373901034695253,1.0009823362969672,0.9990186277406241,0.9990186277406241,0.9990186277406241,0.9990186277406239,0.9990186277406239,0.0,0,2562,15,15,0.017899916972965002,random_n5_b3_g5,29,20260830,"(0.281405662323807, 0.6649198889159479, 0.42325711693929297, 0.35960048485329005, 1.1066815231201368)","(0.1722856985957503, 0.7649957847909189, 0.26658811119720355, 0.3222850934609878, 0.09983972013408793)"
5,3,5,1.8056165935959385,1.7437136462273284,1.7437136462273286,1.692650866635327,1.778124583997649,1.778124583997649,1.035500638251322,0.9657164496670201,0.9657164496670202,0.9374364816089572,0.9847741709420501,0.9847741709420501,0.0,0,2562,15,15,0.017947666812688112,random_n5_b3_g5,30,20260830,"(0.39337336208394774, 1.1955049450865025, 0.47905922636096104, 1.1051034348822193, 1.6446947175078375)","(0.8856635538594766, 0.8092524920335639, 0.7573905569587913, 0.13474164126321642, 0.11614704515969217)"
5,3,5,1.1170968574471365,1.1170968574471365,1.1170968574471365,0.9156107084554403,1.0158366947084105,1.0158366947084105,1.0,1.0,1.0,0.8196341278301099,0.909354178141605,0.909354178141605,0.0,0,2562,15,15,0.017902208026498556,random_n5_b3_g5,31,20260830,"(0.6119410340688044, 0.7976061268556158, 0.24290560280184384, 0.2511556478713754, 0.814845612040366)","(0.6278852114154381, 0.432455668590541, 0.5935366468195786, 0.4194816869106418, 0.47608876491880586)"
5,3,5,0.7540847883921047,0.7540847883921046,0.7540847883921047,0.7540847883921047,0.7540847883921047,0.7540847883921047,1.0000000000000002,0.9999999999999999,1.0,1.0,1.0,1.0,0.0,0,2562,15,15,0.018057916779071093,random_n5_b3_g5,32,20260830,"(0.6818363764504136, 0.44505251541813573, 0.6011042061042933, 0.2394285819091498, 0.23583793621725993)","(0.2028738633837513, 0.12258963765267328, 0.6474044578609783, 0.6776568025152904, 0.7035804705694471)"
5,3,5,1.9320339249526333,1.9320339249526333,1.9320339249526333,1.9320339249526333,1.9320339249526333,1.9320339249526333,1.0,1.0,1.0,1.0,1.0,1.0,0.0,0,2562,15,15,0.018068958073854446,random_n5_b3_g5,33,20260830,"(1.4544373937784574, 0.4676014842999452, 0.5115879810037622, 1.6406586067043147, 1.555627187176994)","(0.4666303913616204, 0.7599058766322218, 0.7162965341056166, 0.38749717599295275, 0.395170280982644)"
5,3,5,1.6763961045367046,1.666412518726464,1.6664125187264642,1.4597692048753705,1.625625928040959,1.625625928040959,1.0059910650562505,0.9940446140484204,0.9940446140484206,0.8707782134096512,0.9697146895305053,0.9697146895305053,0.0,0,2562,15,15,0.018272249959409237,random_n5_b3_g5,34,20260830,"(0.6386542728405222, 0.21315364767962883, 0.25458503333401766, 1.0822306791607215, 1.1290250355355722)","(0.9084893449597143, 0.40260287994946425, 0.24884430953699083, 0.3741925197905748, 0.6033872327595309)"
5,3,5,1.5747365611821054,1.5747365611821054,1.5747365611821054,1.5747365611821054,1.5747365611821056,1.5747365611821056,1.0,1.0,1.0,1.0,1.0000000000000002,1.0000000000000002,0.0,0,2562,15,15,0.01807041699066758,random_n5_b3_g5,35,20260830,"(1.011983823797297, 0.4506752777005419, 0.8186580003831008, 1.7121922045087772, 0.12948116235046103)","(0.3462502938825369, 0.06537715668830685, 0.8803135022986271, 0.2941615853404604, 0.054784429350431874)"
5,3,5,2.000331186685052,2.0003311866850524,2.0003311866850524,1.5770617132617588,1.935630536013697,1.935630536013697,0.9999999999999998,1.0000000000000002,1.0000000000000002,0.788400302789492,0.9676550307758902,0.9676550307758902,0.0,0,2562,15,15,0.018274332862347364,random_n5_b3_g5,36,20260830,"(0.3792714522403275, 0.3328577529436569, 1.2321624323996923, 1.821757601290617, 1.0598058293020018)","(0.14607373659438158, 0.4148698713051024, 0.4766254268495383, 0.31321172589342205, 0.7949148567051549)"
5,3,5,0.4474495824710029,0.4474495824710029,0.44744958247100297,0.43684429537988795,0.436844295379888,0.436844295379888,1.0,1.0,1.0000000000000002,0.9762983640915516,0.9762983640915517,0.9762983640915517,0.0,0,2562,15,15,0.017936707939952612,random_n5_b3_g5,37,20260830,"(0.10587973830078141, 0.3762397821897327, 0.38308950481782794, 0.6002102092475051, 0.28593403323845784)","(0.8101713665521102, 0.30512800115371475, 0.4290207830681825, 0.19955357065905605, 0.5145036449363031)"
5,3,5,0.76159477441735,0.7562087839728382,0.7562087839728382,0.6339178254416277,0.76159477441735,0.76159477441735,1.0071223590080716,0.992928010241887,0.992928010241887,0.8323557969874462,1.0,1.0,0.0,0,2562,15,15,0.018835125025361776,random_n5_b3_g5,38,20260830,"(0.5186339632770434, 0.16121287577640422, 0.13881151182621418, 0.23890161960764097, 0.3315053061728315)","(0.8222563522158229, 0.5360081311428226, 0.2475974315193269, 0.07354641018475944, 0.7340675892695395)"
5,3,5,1.248135337849882,1.2312010780508382,1.2312010780508382,1.0851982488168133,1.2372772851118716,1.2372772851118716,1.0137542600481255,0.9864323528983516,0.9864323528983516,0.869455591800041,0.9913005806271656,0.9913005806271656,0.0,0,2562,15,15,0.01823391718789935,random_n5_b3_g5,39,20260830,"(0.28639312548710477, 0.12816703347320196, 1.2436067973863167, 0.7155797290004301, 0.10871959404156731)","(0.9331889755309282, 0.8626323488241442, 0.5521938042309212, 0.29454243682075687, 0.7579753543761079)"
5,3,5,0.6764098649773146,0.6764098649773147,0.6764098649773147,0.6764098649773147,0.6764098649773145,0.6764098649773145,0.9999999999999999,1.0000000000000002,1.0000000000000002,1.0000000000000002,0.9999999999999999,0.9999999999999999,0.0,0,2562,15,15,0.018339165952056646,random_n5_b3_g5,40,20260830,"(0.10185666931258097, 0.628763572596965, 0.10346955829255862, 1.2636750358545283, 0.2909739848186639)","(0.41266204569661763, 0.18330574551071088, 0.43916145647501736, 0.4081065408426975, 0.13388867272646082)"
5,3,5,1.9383318860424519,1.9171899463311612,1.917189946331161,1.917189946331161,1.9171899463311612,1.9171899463311612,1.0110275665443318,0.9890927142748207,0.9890927142748206,0.9890927142748206,0.9890927142748207,0.9890927142748207,0.0,0,2562,15,15,0.018413625191897154,random_n5_b3_g5,41,20260830,"(0.11030813508011497, 1.915128867939385, 0.32239198555451104, 0.2593486318102456, 0.20770912599146774)","(0.8272845611218226, 0.8511315275043912, 0.4062266531640331, 0.5107697191852534, 0.47930251645772043)"
5,3,5,1.1168282968614842,1.1168282968614842,1.1168282968614842,1.1168282968614842,1.1168282968614842,1.1168282968614842,1.0,1.0,1.0,1.0,1.0,1.0,0.0,0,2562,15,15,0.01805333374068141,random_n5_b3_g5,42,20260830,"(0.9330935316806532, 0.3411564953051021, 1.042253632175814, 0.47208870911284934, 0.820003146582734)","(0.645038842797251, 0.5126199611489454, 0.051224591033675326, 0.20209763807183556, 0.41470950082662045)"
5,3,5,0.7390518496995272,0.7390518496995272,0.7390518496995272,0.7390518496995272,0.7390518496995272,0.7390518496995272,1.0,1.0,1.0,1.0,1.0,1.0,0.0,0,2562,15,15,0.018280958756804466,random_n5_b3_g5,43,20260830,"(0.12675961640120925, 0.1277573545872998, 0.7083788551632582, 0.28884692123571826, 0.5453562477347326)","(0.30422910891587673, 0.4728329312633255, 0.6271778551030609, 0.5184147649017857, 0.2659359098850882)"
5,3,5,1.580125507207999,1.56523714124214,1.56523714124214,1.56523714124214,1.56523714124214,1.56523714124214,1.0095118915681005,0.9905777320232202,0.9905777320232202,0.9905777320232202,0.9905777320232202,0.9905777320232202,0.0,0,2562,15,15,0.018313542008399963,random_n5_b3_g5,44,20260830,"(0.1030909352651068, 0.13203438457485134, 1.312276583269994, 0.4358614852790511, 0.3341454755831099)","(0.3878997943097827, 0.22106444139296283, 0.8965571642295858, 0.680724322034636, 0.27534311165685377)"
5,3,5,1.5966823467273321,1.592143903193856,1.592143903193856,1.592143903193856,1.5921439031938562,1.5921439031938562,1.0028505234510348,0.9971575789368634,0.9971575789368634,0.9971575789368634,0.9971575789368635,0.9971575789368635,0.0,0,2562,15,15,0.01828204235062003,random_n5_b3_g5,45,20260830,"(1.8063812528265022, 0.7710403456777665, 0.4450473699765731, 0.21012257966458792, 0.30162743307410894)","(0.7625531229427993, 0.14694829687344665, 0.15901803251638386, 0.48247633438275633, 0.2578161860162487)"
5,3,5,1.6918669774955863,1.6918669774955866,1.6918669774955866,1.4893416817482854,1.6235333708365118,1.6235333708365118,0.9999999999999999,1.0000000000000002,1.0000000000000002,0.8802947876865046,0.9596105322888763,0.9596105322888763,0.0,0,2562,15,15,0.01861595781520009,random_n5_b3_g5,46,20260830,"(0.4728916179660591, 1.3121414680558823, 1.2867095897189085, 0.20396289849428395, 0.9499369149535266)","(0.8146709831420611, 0.3049796005233091, 0.7044631707515326, 0.28759508699753594, 0.08350041992891838)"
5,3,5,0.9457443857932809,0.945744385793281,0.945744385793281,0.945744385793281,0.9457443857932808,0.9457443857932808,0.9999999999999999,1.0000000000000002,1.0000000000000002,1.0000000000000002,0.9999999999999999,0.9999999999999999,0.0,0,2562,15,15,0.018504791893064976,random_n5_b3_g5,47,20260830,"(0.28127126109923545, 1.6077406065837552, 0.38046072812453385, 0.22377139963907358, 1.889413815269231)","(0.6332118089469618, 0.16246923815706127, 0.11424286595254186, 0.5309587210843435, 0.26803641751176827)"
5,3,5,0.6071723370236517,0.6071723370236519,0.6071723370236519,0.6071723370236519,0.6071723370236517,0.6071723370236517,0.9999999999999997,1.0000000000000004,1.0000000000000004,1.0000000000000004,1.0,1.0,0.0,0,2562,15,15,0.01820379216223955,random_n5_b3_g5,48,20260830,"(1.2227426052298092, 1.2446751747456135, 0.22636037744405096, 0.41442860101503015, 0.3882641064626897)","(0.2879544245185273, 0.07110761864553379, 0.6206794147476465, 0.27647939096325047, 0.22502775905469274)"
5,3,5,0.4303128613027053,0.4303128613027053,0.4303128613027053,0.4303128613027053,0.4303128613027053,0.4303128613027053,1.0,1.0,1.0,1.0,1.0,1.0,0.0,0,2562,15,15,0.018631250131875277,random_n5_b3_g5,49,20260830,"(0.470524824308708, 0.37715079126680356, 0.34492610196243534, 0.6999209661420781, 0.5103548128659808)","(0.13354254199635252, 0.43705125227047076, 0.28041300649819495, 0.09531945230853456, 0.3306657763568029)"
5,3,5,1.994906299017205,1.994906299017205,1.994906299017205,1.994906299017205,1.994906299017205,1.994906299017205,1.0,1.0,1.0,1.0,1.0,1.0,0.0,0,2562,15,15,0.018019708339124918,random_n5_b3_g5,50,20260830,"(0.17353849935532503, 1.7995979401293196, 0.12999703297120982, 0.24773782540090217, 1.5677622554056816)","(0.5725549338274857, 0.7174277008036484, 0.19283711046911844, 0.23442402465671552, 0.3855588182201275)"
5,3,5,0.9715801591785156,0.9576311605096021,0.954560883627966,0.9408300996964899,0.9715801591785156,0.9713568499733872,1.014566149519916,0.9856429770234217,0.9824828910000183,0.9683504657937588,1.0,0.9997701587429315,0.0002233092051283636,0,2562,15,15,0.018390333279967308,random_n5_b3_g5,51,20260830,"(0.31234959879468727, 0.7638074830552517, 0.13359247986806283, 0.402579097943812, 0.3618402628793119)","(0.1951900432589792, 0.7248531592780397, 0.9380806058838514, 0.2074092265062446, 0.6829693458544202)"
5,3,5,1.4504901752371975,1.4465640235286448,1.4465640235286448,1.4465640235286448,1.446564023528645,1.446564023528645,1.002714122323446,0.9972932241971851,0.9972932241971851,0.9972932241971851,0.9972932241971854,0.9972932241971854,0.0,0,2562,15,15,0.021957291290163994,random_n5_b3_g5,52,20260830,"(0.971883865569634, 1.2872527117838155, 0.5128109873483193, 1.4356166724092485, 0.4777497813356398)","(0.7653766375619249, 0.36941981580426175, 0.39467305611310227, 0.1582387297970862, 0.15790537098650298)"
5,3,5,2.1177282250772937,2.1177282250772933,2.1177282250772933,2.1177282250772933,2.1177282250772937,2.1177282250772937,1.0000000000000002,0.9999999999999998,0.9999999999999998,0.9999999999999998,1.0,1.0,0.0,0,2562,15,15,0.01809454197064042,random_n5_b3_g5,53,20260830,"(1.7427706308010589, 0.1420511433545901, 0.7057126175073145, 1.227808866185285, 0.11277708487442265)","(0.8867077775373926, 0.3981361302722401, 0.361332046325147, 0.2585120345864604, 0.4885581385730105)"
5,3,5,1.5977146527580879,1.5977146527580879,1.5977146527580879,1.2561008503374989,1.4342533121870433,1.4342533121870433,1.0,1.0,1.0,0.7861859739279031,0.8976905292263133,0.8976905292263133,0.0,0,2562,15,15,0.018396582920104265,random_n5_b3_g5,54,20260830,"(1.0611292258293719, 0.7555741103065479, 0.5129894597209854, 0.42580543829949685, 0.9093176172673948)","(0.5784248480971331, 0.6890554058155917, 0.06599180304686615, 0.1613989629158572, 0.5095015289460006)"
5,3,5,1.899302773856391,1.8794280097544744,1.8794280097544744,1.8794280097544744,1.8794280097544744,1.8794280097544744,1.0105749004477766,0.989535757870999,0.989535757870999,0.989535757870999,0.989535757870999,0.989535757870999,0.0,0,2562,15,15,0.018375208135694265,random_n5_b3_g5,55,20260830,"(0.2991866581058966, 0.10008396300137382, 0.1845576958499088, 0.3999025296372641, 1.8678517399569705)","(0.1396796776648577, 0.7148803475897519, 0.19614464615506605, 0.3105706306960081, 0.9014002207093295)"
5,3,5,2.502652463297902,2.5026524632979026,2.5026524632979026,2.0729279932241154,2.483820544787804,2.483820544787804,0.9999999999999998,1.0000000000000002,1.0000000000000002,0.8282923912225864,0.9924752162810164,0.9924752162810164,0.0,0,2562,15,15,0.018026249948889017,random_n5_b3_g5,56,20260830,"(1.3266552788822477, 0.1620927112065761, 0.8091602203135009, 1.7473129465442407, 0.30794177890719804)","(0.7327079924882813, 0.7407857716636109, 0.5707808161554131, 0.6116525424634434, 0.6704204107186527)"
5,3,5,1.564655302533746,1.5507795234424924,1.5507795234424924,1.160547285692975,1.561415291133037,1.561415291133037,1.0089476156226589,0.9911317342108619,0.9911317342108619,0.7417271291725577,0.9979292490841515,0.9979292490841515,0.0,0,2562,15,15,0.01854941714555025,random_n5_b3_g5,57,20260830,"(0.20493279231941403, 1.535860583539831, 0.8127444012942661, 0.1461169635142243, 0.23955983665333144)","(0.5689315352053589, 0.5227306658602802, 0.7768067904085938, 0.25726189234201874, 0.37685073723243245)"
5,3,5,1.555293122338217,1.5552931223382167,1.5552931223382167,1.5552931223382167,1.555293122338217,1.555293122338217,1.0000000000000002,0.9999999999999999,0.9999999999999999,0.9999999999999999,1.0,1.0,0.0,0,2562,15,15,0.018350291065871716,random_n5_b3_g5,58,20260830,"(0.8371452102852667, 0.8652550743068155, 0.10162940216379332, 1.1500339165254883, 0.10708310768651606)","(0.5003064352161242, 0.3955406973762804, 0.2577216388958247, 0.6906060590995248, 0.8139935794473794)"
5,3,5,0.7936256777549697,0.7817703294980364,0.7759577628063895,0.7759577628063894,0.7790914693806289,0.7790914693806289,1.0151647457182795,0.9850617884611923,0.9777377226521202,0.97773772265212,0.9816863178930203,0.9816863178930203,0.0,0,2562,15,15,0.017930541653186083,random_n5_b3_g5,59,20260830,"(0.250300894480685, 0.24708055240584625, 0.23380649069865217, 0.4675585528467084, 0.13063179614153864)","(0.5168478474323726, 0.8997246352907571, 0.9405832853029892, 0.4677526007122688, 0.7633810652450866)"
5,3,5,0.9120946681748667,0.8961060874904767,0.8961060874904767,0.7375439720124582,0.9120946681748667,0.9120946681748667,1.0178422855369342,0.9824704811438227,0.9824704811438227,0.808626557907974,1.0,1.0,0.0,0,2562,15,15,0.018260749988257885,random_n5_b3_g5,60,20260830,"(0.20665663290668904, 0.677520840184938, 0.17573388441586568, 0.3678758120935063, 0.10616552430132464)","(0.08439895131899211, 0.8430158840350357, 0.23574540773633812, 0.722950730955374, 0.555633955412707)"
5,3,5,1.4743382748207805,1.4525629269711424,1.4525629269711424,1.4525629269711422,1.4525629269711429,1.4525629269711429,1.0149909841737759,0.9852304262722305,0.9852304262722305,0.9852304262722303,0.9852304262722308,0.9852304262722308,0.0,0,2562,15,15,0.018334665801376104,random_n5_b3_g5,61,20260830,"(1.8764965240739357, 0.14797144229311013, 1.3976974512923215, 0.31535102521298886, 0.6692190127599605)","(0.5518592577080748, 0.4431651003901634, 0.11566148123712705, 0.8097046470473104, 0.1756928177879759)"
5,3,5,2.1096788425935706,2.071395005175206,2.071395005175206,1.7830156362858331,2.0717100848241405,2.0594048187195697,1.0184821520389475,0.9818532391540222,0.9818532391540222,0.8451597467289627,0.9820025887339551,0.9761698212737463,0.012305266104570833,0,2562,15,15,0.01809195801615715,random_n5_b3_g5,62,20260830,"(0.3238345219430487, 1.4845001637264552, 0.8575885960751445, 0.4352131726782209, 0.1673089210109545)","(0.3401656138825685, 0.6772193302635074, 0.8234519429936117, 0.8269046650827093, 0.69961779952661)"
5,3,5,0.9727977407843241,0.9479483650896274,0.9359915437800448,0.9079913538212874,0.9727977407843241,0.9727977407843241,1.0262138494139892,0.9744557633587206,0.9621645944874377,0.933381437634933,1.0,1.0,0.0,0,2562,15,15,0.01824170770123601,random_n5_b3_g5,63,20260830,"(0.1893662613708666, 0.49258351943442735, 0.251359050550105, 0.5662986362513778, 0.30003212587058503)","(0.6186896613689948, 0.49568641175339373, 0.7986855339997605, 0.8370941043008508, 0.23240131253525886)"
5,3,5,0.4741381494869419,0.4700410928470169,0.45283100274186006,0.41187018176760803,0.46260773305028396,0.46260773305028396,1.0087163797001435,0.9913589390679524,0.955061311206158,0.8686712558634796,0.9756813147199085,0.9756813147199085,0.0,0,2562,15,15,0.01880404120311141,random_n5_b3_g5,64,20260830,"(0.11840323887202603, 0.12899210934508423, 0.23953864194240843, 0.16584517167323642, 0.24094444750957558)","(0.7944871818162084, 0.7247360805542199, 0.14553641747341772, 0.5378584638703107, 0.9179756405931563)"
5,3,5,2.6348683468570715,2.514681133987766,2.514681133987766,2.4669354892975157,2.6348683468570715,2.6348683468570715,1.0477942158331275,0.954385875479256,0.954385875479256,0.9362651808543414,1.0,1.0,0.0,0,2562,15,15,0.018419750034809113,random_n5_b3_g5,65,20260830,"(0.7618203689940857, 0.4219466024097321, 1.8827659055705004, 1.7137192876040632, 0.3474776377427189)","(0.2374196512461501, 0.8734605589172172, 0.3002493407417825, 0.9224545748710312, 0.3619756075232527)"
5,3,5,3.235034295456886,3.167062182262128,3.1488107839050743,2.761551972556109,3.1897226216340333,3.1897226216340333,1.0214621972298021,0.9789887503541418,0.9733469559587361,0.8536391643310518,0.9859934486980599,0.9859934486980599,0.0,0,2562,15,15,0.018393374979496002,random_n5_b3_g5,66,20260830,"(0.7614097747329699, 1.948828825842055, 0.2112190158855951, 0.2892189845982563, 1.1412305287820756)","(0.5418941154046966, 0.928336114468064, 0.8087550250879365, 0.13624982923838702, 0.8003454928657678)"
5,3,5,0.8101822558312004,0.8101822558312004,0.8101822558312004,0.8101822558312004,0.8101822558312004,0.8101822558312004,1.0,1.0,1.0,1.0,1.0,1.0,0.0,0,2562,15,15,0.018304833211004734,random_n5_b3_g5,67,20260830,"(0.49430540658214694, 1.3802573548088513, 0.20334488601964765, 0.21735801810561375, 0.19441747329923328)","(0.6475082114563441, 0.2526188222017187, 0.32093401496453833, 0.6507073446271396, 0.3810105194032186)"
5,3,5,0.9918845016894627,0.9918845016894628,0.9918845016894628,0.9918845016894628,0.9918845016894627,0.9918845016894627,0.9999999999999999,1.0000000000000002,1.0000000000000002,1.0000000000000002,1.0,1.0,0.0,0,2562,15,15,0.018324040807783604,random_n5_b3_g5,68,20260830,"(0.13995252953823276, 0.9346025490737092, 0.8746077363113004, 0.10153240025850047, 0.10966076024246661)","(0.1359012222482247, 0.5241550430748217, 0.4922884865349329, 0.7037019052002472, 0.37184569857699734)"
5,3,5,1.0835671182080326,1.0835671182080326,1.0835671182080326,1.0835671182080326,1.0835671182080326,1.0835671182080326,1.0,1.0,1.0,1.0,1.0,1.0,0.0,0,2562,15,15,0.018475249875336885,random_n5_b3_g5,69,20260830,"(0.35719671437618916, 0.4119040559960984, 1.3725406170538499, 0.21021970164593876, 0.20338171870719823)","(0.32886477861706376, 0.05646878233108852, 0.6145783487165664, 0.5830279125931792, 0.07916984577738317)"
5,3,5,1.224620119805048,1.224620119805048,1.224620119805048,1.224620119805048,1.224620119805048,1.224620119805048,1.0,1.0,1.0,1.0,1.0,1.0,0.0,0,2562,15,15,0.018753958866000175,random_n5_b3_g5,70,20260830,"(0.13398829351810004, 0.17592852014010524, 0.28275748631213515, 1.9439688872582117, 1.240656482962331)","(0.7042643959100312, 0.3274801127993384, 0.6143527450342514, 0.12361499482352939, 0.6480475285332367)"
5,3,5,2.2230687525550676,2.153439412512477,2.1486660011820513,2.0945439840820437,2.2230687525550676,2.2230687525550676,1.0323340139676147,0.9686787284637227,0.9665315113230295,0.9421858778207804,1.0,1.0,0.0,0,2562,15,15,0.01836870890110731,random_n5_b3_g5,71,20260830,"(1.3333874860731592, 0.8281888535514572, 0.5509214416507133, 0.2924848643935838, 0.15158125587193727)","(0.8795697778138715, 0.9484250398144944, 0.3455730808787955, 0.08483311946148168, 0.6660481091821591)"
5,3,5,3.0789376415772116,2.973968745951484,2.973968745951484,2.3781167720646157,3.0658241810773967,3.0658241810773967,1.035295897365641,0.9659074304694406,0.9659074304694406,0.7723822463797628,0.9957409139039602,0.9957409139039602,0.0,0,2562,15,15,0.018336917273700237,random_n5_b3_g5,72,20260830,"(1.9221025961462486, 0.4984286794457543, 0.361121555386989, 1.57703427549286, 0.38225224330828367)","(0.8944450774770595, 0.5934583819242628, 0.738048560011986, 0.5569121750195548, 0.6765611846474949)"
5,3,5,1.7284072350641315,1.7002773205976882,1.7002773205976882,1.4132904313366343,1.7284072350641315,1.7284072350641315,1.0165443096403561,0.9837249498290838,0.9837249498290838,0.8176837047804854,1.0,1.0,0.0,0,2562,15,15,0.017942083068192005,random_n5_b3_g5,73,20260830,"(0.3187288361575172, 0.5754786940409666, 1.4406257752865408, 0.29176182139406565, 0.858131739202972)","(0.5881849251384421, 0.331705144092604, 0.5725455711484952, 0.6277442457054428, 0.7575085501623109)"
5,3,5,0.9570502331745336,0.9570502331745334,0.9570502331745334,0.9570502331745334,0.9570502331745336,0.9570502331745336,1.0000000000000002,0.9999999999999998,0.9999999999999998,0.9999999999999998,1.0,1.0,0.0,0,2562,15,15,0.01805533329024911,random_n5_b3_g5,74,20260830,"(0.47916842681359023, 1.7742456974347172, 0.46500747797987824, 0.9124602875392556, 1.3022761435869148)","(0.24277650801278433, 0.11139643930386492, 0.5002418377843073, 0.5773285608765084, 0.10194507446422435)"
5,3,5,0.7932304875142582,0.7932304875142582,0.7932304875142583,0.7932304875142583,0.7932304875142583,0.7932304875142583,1.0,1.0,1.0000000000000002,1.0000000000000002,1.0000000000000002,1.0000000000000002,0.0,0,2562,15,15,0.01841633301228285,random_n5_b3_g5,75,20260830,"(0.3459429318938403, 0.23875455422653338, 0.24902205892672805, 0.6501961647148508, 0.6387971278246133)","(0.36269050728881863, 0.35501473087379154, 0.09756168103716728, 0.5597012151536735, 0.4756513035809437)"
5,3,5,1.3508915972032538,1.3508915972032538,1.3508915972032538,1.3508915972032538,1.3508915972032538,1.3508915972032538,1.0,1.0,1.0,1.0,1.0,1.0,0.0,0,2562,15,15,0.019085999578237534,random_n5_b3_g5,76,20260830,"(0.27952857616499854, 0.11726240917263601, 1.5140923002910025, 0.5077763709301559, 1.0387347876051136)","(0.2934397535194742, 0.6074337534702433, 0.5628430992248432, 0.5642661876382735, 0.20426210802722944)"
5,3,5,0.8026507654156554,0.8026507654156553,0.8026507654156553,0.8026507654156552,0.8026507654156554,0.8026507654156554,1.0000000000000002,0.9999999999999999,0.9999999999999999,0.9999999999999998,1.0,1.0,0.0,0,2562,15,15,0.018571124877780676,random_n5_b3_g5,77,20260830,"(0.3755185513605972, 1.5138370592275523, 0.739235329182615, 0.8310863744303899, 0.7917190624190237)","(0.23666771442373302, 0.265780446991439, 0.23120875189610612, 0.07028088271203534, 0.2897300421481169)"
5,3,5,1.4034256032457855,1.3916274736163765,1.3916274736163765,1.3529640351882728,1.3861511279707772,1.3861511279707772,1.0084779366986407,0.9915933344794888,0.9915933344794888,0.9640440020897387,0.9876912069759476,0.9876912069759476,0.0,0,2562,15,15,0.01826495910063386,random_n5_b3_g5,78,20260830,"(0.17165194872261286, 0.19277457609926663, 0.39652802214818333, 0.44818239972630897, 1.868690082582392)","(0.0958596327076959, 0.7987195203777925, 0.2350004128058122, 0.3469930990893594, 0.579089313365202)"
5,3,5,1.2315520618017457,1.2315520618017457,1.2315520618017457,1.2315520618017455,1.2315520618017455,1.2315520618017455,1.0,1.0,1.0,0.9999999999999998,0.9999999999999998,0.9999999999999998,0.0,0,2562,15,15,0.0182712497189641,random_n5_b3_g5,79,20260830,"(0.7101110972515502, 0.2815992309762173, 1.7041452294426471, 0.10212702434216991, 1.653084739559454)","(0.23090461229507891, 0.1402943424085738, 0.4401704739141994, 0.6006164934968684, 0.19204685237530944)"
5,3,5,1.6514908495167144,1.596989222997786,1.5969892229977862,1.5910378006819166,1.5952684078206172,1.5952684078206172,1.034127735950917,0.9669985295196292,0.9669985295196293,0.9633948629794173,0.9659565527035466,0.9659565527035466,0.0,0,2562,15,15,0.018491584341973066,random_n5_b3_g5,80,20260830,"(0.33708700364969935, 0.21060746524350474, 1.3547513561939488, 0.42253042037944855, 0.22657807245365297)","(0.7585107170280065, 0.636682332210172, 0.8308227747176196, 0.28906242507129315, 0.7750966373656274)"
5,3,5,0.2955384705554469,0.2955384705554469,0.2955384705554469,0.29553847055544685,0.2955384705554469,0.2955384705554469,1.0,1.0,1.0,0.9999999999999998,1.0,1.0,0.0,0,2562,15,15,0.018222125247120857,random_n5_b3_g5,81,20260830,"(0.1674558056633402, 0.12016004691551661, 0.11091569727148905, 0.7790970753355447, 0.15070648170071424)","(0.48862501229318445, 0.44906339201002554, 0.18536971656278456, 0.20505262086096543, 0.11882274534682619)"
5,3,5,0.6226783575038082,0.6226783575038082,0.6226783575038082,0.6226783575038082,0.6226783575038082,0.6226783575038082,1.0,1.0,1.0,1.0,1.0,1.0,0.0,0,2562,15,15,0.01803179131820798,random_n5_b3_g5,82,20260830,"(0.1369237748834928, 0.7061809078070206, 0.13858492372514294, 1.597996241420424, 1.082754385638496)","(0.5956119677346415, 0.5092298803787821, 0.16690175351787495, 0.07198757644353236, 0.13671989111587296)"
5,3,5,0.6040054786930267,0.6040054786930268,0.6040054786930268,0.6040054786930268,0.6040054786930267,0.6040054786930267,0.9999999999999998,1.0000000000000002,1.0000000000000002,1.0000000000000002,1.0,1.0,0.0,0,2562,15,15,0.01893508294597268,random_n5_b3_g5,83,20260830,"(0.16979238732057186, 0.3197925016741203, 0.31562774173845476, 0.7738559915763823, 0.2857368199215355)","(0.739297754901422, 0.4317744318436315, 0.34625157120164407, 0.4373404781411991, 0.0851526340384648)"
5,3,5,1.2084713817971187,1.1745167388033084,1.1745167388033084,0.8549992437524391,1.1882627165810746,1.1882627165810746,1.0289094585645548,0.971902815817354,0.971902815817354,0.7075047507380515,0.9832774979031843,0.9832774979031843,0.0,0,2562,15,15,0.018569915555417538,random_n5_b3_g5,84,20260830,"(0.34104368105507316, 0.7786259925699303, 0.12221908748950912, 0.137061184910054, 0.7387278502972956)","(0.30626136371864043, 0.8118243651089866, 0.8058577420624446, 0.1959166533878256, 0.5794752469555284)"
5,3,5,1.8414482955944105,1.787116162451203,1.786974554233257,1.7089251882803531,1.8135643361429197,1.8135643361429197,1.0304021273405561,0.9704948907481167,0.9704179902897737,0.9280332184014541,0.9848575930596575,0.9848575930596575,0.0,0,2562,15,15,0.018644541036337614,random_n5_b3_g5,85,20260830,"(1.7784785479633791, 0.11449248932196134, 0.3060129277739613, 0.25597597436979147, 0.5056513250550222)","(0.7186568937116841, 0.34779977562206316, 0.9104844957486112, 0.44828286902174475, 0.45533087282851303)"
5,3,5,0.8454101163049015,0.8454101163049017,0.8454101163049017,0.8454101163049017,0.8454101163049017,0.8454101163049017,0.9999999999999998,1.0000000000000002,1.0000000000000002,1.0000000000000002,1.0000000000000002,1.0000000000000002,0.0,0,2562,15,15,0.018464415799826384,random_n5_b3_g5,86,20260830,"(0.10100129825671218, 0.10764863108500021, 1.321815008333779, 0.17578044150596184, 1.381065600424171)","(0.14374653055303482, 0.45150134521273066, 0.23872886215270073, 0.7407694656850186, 0.2893721627227734)"
5,3,5,0.6574007341678363,0.6574007341678363,0.6574007341678363,0.6574007341678363,0.6574007341678363,0.6574007341678363,1.0,1.0,1.0,1.0,1.0,1.0,0.0,0,2562,15,15,0.01815912500023842,random_n5_b3_g5,87,20260830,"(1.4601023878486072, 0.1133113258162791, 0.8256160545461009, 0.11435922634646545, 0.5317406855393471)","(0.07004934658466153, 0.07801239851069111, 0.3578443716412882, 0.30931892568956615, 0.48835732295514345)"
5,3,5,0.9387089874323298,0.9387089874323301,0.9387089874323301,0.93870898743233,0.9387089874323298,0.9387089874323298,0.9999999999999997,1.0000000000000004,1.0000000000000004,1.0000000000000002,1.0,1.0,0.0,0,2562,15,15,0.01848062500357628,random_n5_b3_g5,88,20260830,"(0.8694050688334741, 0.13624963821542882, 0.6586200658257582, 0.114386416383287, 1.3099249618809727)","(0.4735804275128171, 0.476819750040852, 0.20053894987699122, 0.5458527024875536, 0.30146519714892905)"
5,3,5,1.4551007097008593,1.4551007097008593,1.4551007097008593,1.306565765266828,1.4442471445864244,1.4442471445864244,1.0,1.0,1.0,0.8979211930529764,0.992541021358813,0.992541021358813,0.0,0,2562,15,15,0.018619082868099213,random_n5_b3_g5,89,20260830,"(0.12935920338303727, 0.1167906873414525, 0.9617882761937302, 0.3669717225033996, 0.6339410147629128)","(0.23235101287206916, 0.23083057965533404, 0.8373726996198948, 0.8405353848531708, 0.5383351738564459)"
5,3,5,1.0696136206368252,1.0696136206368254,1.0613697095945371,1.0337833042627986,1.043599111337522,1.043599111337522,0.9999999999999998,1.0000000000000002,0.9922926270914727,0.9665016266783384,0.9756785919724782,0.9756785919724782,0.0,0,2562,15,15,0.0180886248126626,random_n5_b3_g5,90,20260830,"(0.5156627700002282, 0.9543366292654862, 0.16900388116802423, 0.3238692390481715, 0.16329239822671693)","(0.43104391791577273, 0.6440533775741805, 0.8935034223617054, 0.5096751275293977, 0.4277549418038657)"
5,3,5,0.6282834177154452,0.628283417715445,0.628283417715445,0.628283417715445,0.6282834177154452,0.6282834177154452,1.0000000000000002,0.9999999999999998,0.9999999999999998,0.9999999999999998,1.0,1.0,0.0,0,2562,15,15,0.018381624948233366,random_n5_b3_g5,91,20260830,"(0.10899232474978594, 0.5318997803197373, 0.11140556237955662, 0.10294613451050198, 0.5040475388325854)","(0.14839884259598682, 0.7502909869259209, 0.1638438746904321, 0.4071179770376822, 0.371577222659769)"
5,3,5,2.613543977889008,2.517222322464678,2.517222322464678,2.517222322464678,2.613543977889008,2.613543977889008,1.0382650569100385,0.9631451943264677,0.9631451943264677,0.9631451943264677,1.0,1.0,0.0,0,2562,15,15,0.018112084362655878,random_n5_b3_g5,92,20260830,"(0.43221023965609173, 0.6565797391143394, 1.8290194711566226, 1.7980114093272583, 1.2590218123798087)","(0.9030692707163046, 0.29182139621991415, 0.8390670710841542, 0.30253140955744673, 0.20639272749171061)"
5,3,5,1.0135355881829209,0.9929357768030269,0.9929357768030269,0.9890172952641112,0.9890172952641113,0.9890172952641113,1.0207463683564908,0.9796752954508232,0.9796752954508232,0.9758091445385096,0.9758091445385098,0.9758091445385098,0.0,0,2562,15,15,0.01839104201644659,random_n5_b3_g5,93,20260830,"(0.11928973864929622, 0.14056256040410559, 0.9906474164816347, 0.1989388998982617, 0.4614027969501509)","(0.5719328321686556, 0.5891133403311697, 0.7984337414497898, 0.5751342302140783, 0.17993246531882195)"
5,3,5,2.2647946602256033,2.223291481223971,2.223291481223971,1.4602564720027649,2.151856768167221,2.151856768167221,1.0186674483989764,0.9816746393258018,0.9816746393258018,0.6447632969327578,0.9501332751962899,0.9501332751962899,0.0,0,2562,15,15,0.01793916616588831,random_n5_b3_g5,94,20260830,"(1.0337104571315625, 0.1133011760212606, 1.5361384342909148, 0.4182173016453587, 0.5335301754987753)","(0.876320056052519, 0.3109270693611915, 0.5518784665539065, 0.24822739766627483, 0.8803036332824145)"
5,3,5,1.9642084749417645,1.9642084749417643,1.9642084749417643,1.9642084749417643,1.9642084749417643,1.9642084749417643,1.0000000000000002,0.9999999999999999,0.9999999999999999,0.9999999999999999,0.9999999999999999,0.9999999999999999,0.0,0,2562,15,15,0.018865458201617002,random_n5_b3_g5,95,20260830,"(0.6771927805274848, 1.9173522154187101, 0.10916014203918946, 1.2213027372006735, 0.8367088433553069)","(0.6077874945999064, 0.4708847906111612, 0.15351337067372858, 0.5320279364212795, 0.15712295464566167)"
5,3,5,0.8522947430850822,0.8358085941059079,0.8358085941059079,0.8358085941059079,0.8522947430850821,0.8522947430850821,1.0197247899763584,0.9806567515370342,0.9806567515370342,0.9806567515370342,0.9999999999999999,0.9999999999999999,0.0,0,2562,15,15,0.017891916912049055,random_n5_b3_g5,96,20260830,"(1.2363022053947472, 0.16593478731111821, 0.5325555072259155, 0.13944927962725015, 1.233878918484347)","(0.1632757613546493, 0.8589986265627777, 0.8117456927463705, 0.5763956219558911, 0.11905641921882772)"
5,3,5,2.6512972857773107,2.6512972857773107,2.6512972857773107,2.2491498248937396,2.4964195969439036,2.4964195969439036,1.0,1.0,1.0,0.8483204946345091,0.9415841861023141,0.9415841861023141,0.0,0,2562,15,15,0.018099625129252672,random_n5_b3_g5,97,20260830,"(0.10231565924517241, 0.1896290977013781, 1.8138165471450478, 1.488932063968603, 1.3327179867787953)","(0.8876355740712084, 0.8487908727003896, 0.4217005119890847, 0.6182854486348309, 0.7247031252041363)"
5,3,5,1.1986642713105238,1.1986642713105238,1.1986642713105238,1.1986642713105238,1.1986642713105238,1.1986642713105238,1.0,1.0,1.0,1.0,1.0,1.0,0.0,0,2562,15,15,0.017943875398486853,random_n5_b3_g5,98,20260830,"(0.9526081221588409, 0.14607382562301954, 0.5757030795347384, 0.3658879856090954, 1.129389824269011)","(0.38026144681813, 0.06695341464770722, 0.5002444982133677, 0.29541230896128606, 0.4856001166301668)"
5,3,5,2.6846188379837868,2.6846188379837868,2.6846188379837868,1.9623315933895433,2.681334677376026,2.681334677376026,1.0,1.0,1.0,0.7309535214553219,0.9987766752727448,0.9987766752727448,0.0,0,2562,15,15,0.01813408313319087,random_n5_b3_g5,99,20260830,"(0.7871621731724817, 1.8134347498914267, 0.10387389680250578, 1.897729198293908, 0.10190053337950052)","(0.21032109669846688, 0.6414734479461119, 0.7145794413905451, 0.7144284790597804, 0.652853237074835)"
5,3,5,0.8205671608418303,0.8170314234163412,0.8127488517077827,0.8127488517077825,0.8191054927553134,0.8191054927553134,1.0043275415414317,0.9956911053790383,0.9904720667519441,0.990472066751944,0.9982187099895427,0.9982187099895427,0.0,0,2562,15,15,0.01798762520775199,random_n5_b3_g5,100,20260830,"(0.20226852206163418, 0.15220376302980135, 0.413936924378499, 0.9392383952540936, 0.8295446260792537)","(0.9359818428377592, 0.16549417921262755, 0.6128968100832342, 0.3254744623395747, 0.18511137638368846)"
5,3,5,0.9630655197339888,0.9630655197339886,0.9630655197339886,0.9630655197339886,0.9630655197339886,0.9630655197339886,1.0000000000000002,0.9999999999999998,0.9999999999999998,0.9999999999999998,0.9999999999999998,0.9999999999999998,0.0,0,2562,15,15,0.01780933327972889,random_n5_b3_g5,101,20260830,"(1.3821791878189453, 0.42588805730366336, 0.3215642019209318, 0.4320880188319979, 0.7905215160667753)","(0.2655206138349342, 0.16459899184780952, 0.5704254191225075, 0.40313948735836963, 0.5219846016993591)"
5,3,5,0.5050516155386386,0.5050516155386388,0.5050516155386388,0.5050516155386388,0.5050516155386388,0.5050516155386388,0.9999999999999998,1.0000000000000002,1.0000000000000002,1.0000000000000002,1.0000000000000002,1.0000000000000002,0.0,0,2562,15,15,0.01864983281120658,random_n5_b3_g5,102,20260830,"(0.11297349430693146, 0.5724624665085178, 0.14315857365780485, 0.9075981471967496, 0.11270804123065757)","(0.10272612446109453, 0.20423148664379687, 0.5066041307912615, 0.34774424249037367, 0.18935978049954078)"
5,3,5,1.4181957227776856,1.3639982472253016,1.3639982472253016,1.0294326618309457,1.3966680204513637,1.3966680204513637,1.0397342706727333,0.9617842060288883,0.9617842060288883,0.7258748882803662,0.9848203587272443,0.9848203587272443,0.0,0,2562,15,15,0.018614959437400103,random_n5_b3_g5,103,20260830,"(0.5569661931237584, 1.0801376301129495, 0.825864977509096, 0.138289518188228, 0.25354038087920067)","(0.18388500436995792, 0.48585179122297234, 0.8921479104651736, 0.729302823659655, 0.28373994486811605)"
5,3,5,2.257659309587624,2.257659309587624,2.257659309587624,1.7891234016789452,2.1739349692900864,2.1653703023268966,1.0,1.0,1.0,0.7924682852195889,0.9629154230924106,0.959121818394475,0.008564666963189804,0,2562,15,15,0.018713457975536585,random_n5_b3_g5,104,20260830,"(1.0138624687469486, 0.2846395149924852, 1.6702598588705577, 0.598327551288519, 0.5715266649159392)","(0.8894350853028632, 0.20007051048930014, 0.5247312708768144, 0.8013284341329538, 0.0788339086193395)"
5,3,5,2.515627969035974,2.481345031672288,2.481345031672288,2.0298499736097733,2.4326842906153665,2.461478692441837,1.0138162717905381,0.98637201613845,0.98637201613845,0.806895931590251,0.9670286387965417,0.9784748471313555,-0.028794401826470306,0,2562,15,15,0.01806004112586379,random_n5_b3_g5,105,20260830,"(1.6424153536836292, 1.0539870048876534, 0.2325381115048458, 0.6886854237391649, 0.2554251841140932)","(0.7303524656321594, 0.8687198193863206, 0.9284906261042001, 0.14225122373816762, 0.8082284342071449)"
5,3,5,1.1073180174372683,1.1012775824268985,1.1012775824268988,1.1012775824268985,1.1012775824268985,1.1012775824268985,1.005484934140817,0.994544986250337,0.9945449862503373,0.994544986250337,0.994544986250337,0.994544986250337,0.0,0,2562,15,15,0.018140458036214113,random_n5_b3_g5,106,20260830,"(0.47206266818405074, 0.28353260365375277, 0.3716709928768244, 1.043908403413199, 0.1479243916265585)","(0.12079985160762541, 0.30351999164166915, 0.2303277052798653, 0.8905126532058425, 0.11020616356428506)"
5,3,5,0.7357027214090242,0.7192323638015399,0.7041750724824591,0.5752145701584385,0.7053308062098502,0.7020463359078,1.0228999116786532,0.9776127542712632,0.9571462113580564,0.7818573364208611,0.9587171362625853,0.9542527375231599,0.0032844703020502575,0,2562,13,13,0.017934625037014484,random_n5_b3_g5,107,20260830,"(0.17504201594936014, 0.10903673649849996, 0.12692301687189492, 0.2265910519305779, 0.40726517699006093)","(0.7340922602772673, 0.8781666829398277, 0.8536929219939291, 0.5116686521593493, 0.8800132709926534)"
5,3,5,0.5749066691639463,0.5749066691639463,0.5749066691639463,0.5749066691639463,0.5749066691639462,0.5749066691639462,1.0,1.0,1.0,1.0,0.9999999999999998,0.9999999999999998,0.0,0,2562,15,15,0.01894041709601879,random_n5_b3_g5,108,20260830,"(0.14280313024797114, 0.12256007850817621, 0.1097372421236222, 0.6934605849862127, 0.5883173367360206)","(0.07439550020671949, 0.7873452825247607, 0.10998935877036004, 0.6381449196924931, 0.06098956799029945)"
5,3,5,1.0193153055846562,1.000011799192736,1.000011799192736,0.7194641278434781,0.9989653384453372,0.9591509984822693,1.0193032786288152,0.9810622814293481,0.9810622814293481,0.7058307904351635,0.9800356503744965,0.9409757640518523,0.039814339963067935,0,2562,15,15,0.017735750414431095,random_n5_b3_g5,109,20260830,"(0.23506481022624018, 0.6647365324903088, 0.2764005579789179, 0.44681945269861834, 0.1424097459534966)","(0.3282414246405138, 0.6659450990238245, 0.8797453577601794, 0.7031288668767007, 0.495444141141507)"
5,3,5,1.5384983711694897,1.5384983711694897,1.5384983711694897,1.5384983711694897,1.5384983711694897,1.5384983711694897,1.0,1.0,1.0,1.0,1.0,1.0,0.0,0,2562,15,15,0.018294125329703093,random_n5_b3_g5,110,20260830,"(1.4509724000671171, 1.4660360416682765, 0.5042348276635474, 0.2640415522643624, 0.16654675673254926)","(0.16098247242247, 0.801465317773281, 0.2576977980463395, 0.3832790341911439, 0.49511376671842294)"
5,3,5,1.1341731107655686,1.1341731107655686,1.1341731107655688,1.1341731107655686,1.1341731107655688,1.1341731107655688,1.0,1.0,1.0000000000000002,1.0,1.0000000000000002,1.0000000000000002,0.0,0,2562,15,15,0.01859820820391178,random_n5_b3_g5,111,20260830,"(1.5910062462453636, 0.1610758533868123, 0.7497567706030761, 0.9714703838838089, 1.1985762078244073)","(0.20396792131441172, 0.46833750029731974, 0.29521592200250296, 0.3625175075033676, 0.3816894151204281)"
5,3,5,1.4723944523796213,1.4723944523796213,1.4723944523796215,1.3656837464791731,1.4253454365994858,1.4253454365994858,1.0,1.0,1.0000000000000002,0.9275257348817181,0.9680459161577952,0.9680459161577952,0.0,0,2562,15,15,0.0185970407910645,random_n5_b3_g5,112,20260830,"(0.15964731457873924, 1.3400966956977185, 0.10022856466259915, 0.2854696958725811, 1.0219827516127746)","(0.5098736810276171, 0.4792341108019698, 0.6456527371374252, 0.9116630944051208, 0.5576632451289381)"
5,3,5,2.3047598996019545,2.304759899601955,2.304759899601955,2.304759899601955,2.3047598996019545,2.3047598996019545,0.9999999999999998,1.0000000000000002,1.0000000000000002,1.0000000000000002,1.0,1.0,0.0,0,2562,15,15,0.018564249854534864,random_n5_b3_g5,113,20260830,"(0.483019611674716, 1.8419822174302312, 0.15591335860486719, 1.20780105893831, 0.11226077274273315)","(0.4505123844947546, 0.846422594728413, 0.35645959993106374, 0.43720628555495195, 0.3066772877996188)"
5,3,5,0.8443973520878485,0.8443973520878485,0.8396405873486044,0.7643904904220628,0.837841879927915,0.8359062866884672,1.0,1.0,0.994366674969453,0.9052497482755464,0.992236507914521,0.9899442301916433,0.0019355932394478081,0,2562,15,15,0.018460166174918413,random_n5_b3_g5,114,20260830,"(0.2856631950058107, 0.28292751303652847, 0.29470125302377365, 0.574557439531772, 0.22672356632704865)","(0.3514094987601979, 0.6896352261385005, 0.5137177248088811, 0.6885402143054066, 0.8326134488375304)"
5,3,5,1.7045801406437224,1.669323544633639,1.669323544633639,1.622779624402872,1.622779624402872,1.622779624402872,1.0211202891874511,0.9793165512319244,0.9793165512319244,0.9520113403351285,0.9520113403351285,0.9520113403351285,0.0,0,2562,15,15,0.018385874573141336,random_n5_b3_g5,115,20260830,"(1.4775624409593997, 0.3591148111438352, 0.461971690943036, 0.4843985707108224, 0.44121186095268383)","(0.8074829757115302, 0.26930465804333825, 0.39860129141029416, 0.49508839406288585, 0.5357900330198151)"
5,3,5,0.9581629558906248,0.9581629558906247,0.9580000196062781,0.9447060750478277,0.9581629558906247,0.9581629558906247,1.0000000000000002,0.9999999999999999,0.9998299492968863,0.9859555404849807,0.9999999999999999,0.9999999999999999,0.0,0,2562,15,15,0.018160415813326836,random_n5_b3_g5,116,20260830,"(0.18003335949823618, 0.2785280205977237, 0.3733442920197505, 1.331536884490528, 0.2308860729573375)","(0.6349412499106256, 0.6454913519639448, 0.2831288291476509, 0.43388533609207364, 0.7683817959947538)"
5,3,5,0.9195897899271814,0.8762353358304669,0.8762353358304669,0.8188772782865702,0.9195897899271814,0.9195897899271814,1.0494780937539168,0.952854572145535,0.952854572145535,0.8904810462841413,1.0,1.0,0.0,0,2562,15,15,0.01865104166790843,random_n5_b3_g5,117,20260830,"(0.8307001901942743, 0.6516904796550088, 0.5375157007316679, 0.596935676495036, 0.3144231820773789)","(0.17738790535183602, 0.7718736989005611, 0.2926291143219183, 0.25042437162872033, 0.6867173402898252)"
5,3,5,1.4494460787645447,1.4494460787645447,1.4494460787645447,1.4494460787645447,1.4494460787645447,1.4494460787645447,1.0,1.0,1.0,1.0,1.0,1.0,0.0,0,2562,15,15,0.01823379099369049,random_n5_b3_g5,118,20260830,"(1.8781597119390958, 0.24646027944953208, 0.15450729843269342, 0.5969389195054987, 1.3683775543586354)","(0.38584464659586126, 0.4006298883742625, 0.32361371406658396, 0.6575199878504505, 0.24281963431930087)"
5,3,5,2.6840079061217077,2.661039074862576,2.661039074862576,2.0976639875341925,2.6840079061217077,2.6840079061217077,1.0086315272391548,0.9914423384496207,0.9914423384496207,0.7815416574406592,1.0,1.0,0.0,0,2562,15,15,0.018453708849847317,random_n5_b3_g5,119,20260830,"(0.8035134661216119, 1.5144003242892572, 1.7807174403390404, 0.3233419295271122, 1.0093645260538209)","(0.45802734510822724, 0.861956740929727, 0.554641822927757, 0.18925196813873718, 0.15288033010852292)"
5,3,5,1.6289834545806263,1.6289834545806263,1.6289834545806265,1.6289834545806263,1.6289834545806263,1.6289834545806263,1.0,1.0,1.0000000000000002,1.0,1.0,1.0,0.0,0,2562,15,15,0.018571583088487387,random_n5_b3_g5,120,20260830,"(0.12471177010042966, 1.866811275733486, 0.34166042556665827, 0.2894578889191681, 0.12244455307568493)","(0.10283058676600915, 0.814482009722298, 0.14539154469633964, 0.20322375090164324, 0.10369035483931804)"
5,3,5,2.715706852535372,2.639949138968013,2.5904549311129204,2.5904549311129204,2.715706852535372,2.715706852535372,1.0286966564806523,0.9721038692019973,0.9538787033270851,0.9538787033270851,1.0,1.0,0.0,0,2562,15,15,0.018554000183939934,random_n5_b3_g5,121,20260830,"(1.6109493699727477, 0.7579092980486682, 0.24825035272198784, 1.3230353619170738, 1.5284194342321356)","(0.31922019297838866, 0.7663858579935874, 0.7557866661241374, 0.8952865261077148, 0.4242281432102773)"
5,3,5,1.5540132223169725,1.5540132223169723,1.5540132223169723,1.3307569838027105,1.4289795082535999,1.4289795082535999,1.0000000000000002,0.9999999999999999,0.9999999999999999,0.8563356892283093,0.919541409128455,0.919541409128455,0.0,0,2562,15,15,0.023874917067587376,random_n5_b3_g5,122,20260830,"(1.4372584127733112, 0.4340900811586181, 0.5977519555444837, 0.8825762138908506, 0.3430536219283102)","(0.4928189527594555, 0.09385389077775147, 0.7681112708131849, 0.43799619364405284, 0.5067999539747203)"
5,3,5,0.24705890518182594,0.24705890518182588,0.24705890518182594,0.19934148601135132,0.2301613520821819,0.2301613520821819,1.0000000000000002,0.9999999999999998,1.0,0.8068581290953409,0.9316051648200737,0.9316051648200737,0.0,0,2562,15,15,0.018555750139057636,random_n5_b3_g5,123,20260830,"(0.1149301794679949, 0.25620295112911295, 0.1256499782929988, 0.11710715765489206, 0.10647656801845222)","(0.21700362405186102, 0.3656808071229586, 0.053573689334224434, 0.5783813264805605, 0.804287850694084)"
5,3,5,1.0215211959669415,1.0215211959669415,1.0215211959669415,1.0215211959669415,1.0215211959669415,1.0215211959669415,1.0,1.0,1.0,1.0,1.0,1.0,0.0,0,2562,15,15,0.01827387511730194,random_n5_b3_g5,124,20260830,"(0.11443111641185592, 1.3649829629758992, 0.19694026292241376, 0.10200143474242451, 0.17662276730624843)","(0.14396553775544646, 0.6548455900193161, 0.39175245978601847, 0.37724602018160613, 0.28601233323630804)"
5,3,5,0.8372990955126405,0.8372990955126407,0.8372990955126407,0.8372990955126407,0.8372990955126405,0.8372990955126405,0.9999999999999998,1.0000000000000002,1.0000000000000002,1.0000000000000002,1.0,1.0,0.0,0,2562,15,15,0.018294749781489372,random_n5_b3_g5,125,20260830,"(0.12148829707329957, 0.9400804504017056, 0.4987164858220708, 0.8830136567604988, 0.45167048257013154)","(0.3873313298255927, 0.2243136596711382, 0.487648196639718, 0.4340000988864155, 0.2537317557991712)"
5,3,5,1.6155484572136083,1.6155484572136083,1.6155484572136083,1.6155484572136083,1.6155484572136083,1.6155484572136083,1.0,1.0,1.0,1.0,1.0,1.0,0.0,0,2562,15,15,0.018062999937683344,random_n5_b3_g5,126,20260830,"(0.280856741018765, 0.31327501975432875, 0.41727965684092017, 0.14859368270313675, 1.8226711162918088)","(0.6270011877433277, 0.21007246642444943, 0.44600678719919895, 0.7710250791040817, 0.6703502927540615)"
5,3,5,1.8525430881348524,1.8525430881348521,1.8525430881348521,1.8525430881348521,1.8525430881348524,1.8525430881348524,1.0000000000000002,0.9999999999999999,0.9999999999999999,0.9999999999999999,1.0,1.0,0.0,0,2562,15,15,0.018156458158046007,random_n5_b3_g5,127,20260830,"(1.8384654287769224, 0.5343290347730215, 0.5236565349010405, 1.089847061366393, 0.4222020118374667)","(0.6963745844507251, 0.19247083131355947, 0.16855963832634818, 0.3313418325813911, 0.5001647568605325)"
5,3,5,2.2074085687115987,2.160360165109225,2.1603601651092252,2.1603601651092252,2.160360165109225,2.160360165109225,1.0217780369968983,0.9786861370979298,0.9786861370979301,0.9786861370979301,0.9786861370979298,0.9786861370979298,0.0,0,2562,15,15,0.01879041688516736,random_n5_b3_g5,128,20260830,"(0.2545007023854789, 1.841482447795787, 0.2016831499067522, 0.8728102423900295, 0.23790027643279935)","(0.5239543230138296, 0.8873363473707168, 0.7409262417021949, 0.40014429051646655, 0.5397228526125578)"
5,3,5,1.4121012314402654,1.3943082403056504,1.3943082403056504,1.3943082403056504,1.3943082403056504,1.3943082403056504,1.0127611604236912,0.9873996348572919,0.9873996348572919,0.9873996348572919,0.9873996348572919,0.9873996348572919,0.0,0,2562,15,15,0.018195167183876038,random_n5_b3_g5,129,20260830,"(1.8365894467982875, 1.1624214789447256, 0.1352557995726461, 0.9316195148611285, 0.23166785538930001)","(0.17333656269461234, 0.8281917530623902, 0.5125276143338202, 0.09876053655887293, 0.48885615089549306)"
5,3,5,1.6356412872348483,1.6356412872348483,1.6356412872348483,1.6356412872348483,1.6356412872348483,1.6356412872348483,1.0,1.0,1.0,1.0,1.0,1.0,0.0,0,2562,15,15,0.018482666928321123,random_n5_b3_g5,130,20260830,"(0.9432622762437485, 1.955925462845471, 0.6633186369114148, 0.1398918676550335, 0.44586441150879874)","(0.051476772147081254, 0.530108104017927, 0.5250224329939251, 0.15710482585840518, 0.5619021780101425)"
5,3,5,1.3531553879710945,1.3399802077802352,1.3399802077802352,1.3399802077802352,1.3399802077802352,1.3399802077802352,1.0098323692502031,0.9902633649409518,0.9902633649409518,0.9902633649409518,0.9902633649409518,0.9902633649409518,0.0,0,2562,15,15,0.018313916865736246,random_n5_b3_g5,131,20260830,"(0.174786279662101, 1.0551377160891524, 1.1296349445289249, 0.2838697306438946, 0.3334523380083566)","(0.0803746402998329, 0.23734145236647747, 0.7248239267715573, 0.5766387576958234, 0.7606384272110166)"
5,3,5,1.352623940765126,1.3526239407651257,1.352623940765126,1.3526239407651257,1.3526239407651262,1.3526239407651262,1.0000000000000002,0.9999999999999999,1.0,0.9999999999999999,1.0000000000000002,1.0000000000000002,0.0,0,2562,15,15,0.018455583602190018,random_n5_b3_g5,132,20260830,"(0.5076188647914529, 1.261026361521793, 0.19541666072947197, 0.10119028152454221, 0.19032411278561656)","(0.5299834393445341, 0.746376672040369, 0.6584393281305916, 0.7291110316225906, 0.18318178795891532)"
5,3,5,0.5921962462542719,0.592196246254272,0.592196246254272,0.592196246254272,0.5921962462542719,0.5921962462542719,0.9999999999999998,1.0000000000000002,1.0000000000000002,1.0000000000000002,1.0,1.0,0.0,0,2562,15,15,0.018406250048428774,random_n5_b3_g5,133,20260830,"(0.4140197434437181, 0.12923287055792498, 0.5753967881741977, 0.3377484013665465, 0.43715038547094365)","(0.7241476727614171, 0.44764311319352634, 0.07366260069387888, 0.3000686550455971, 0.43700545709129246)"
5,3,5,1.1436264048509783,1.1192701165256895,1.1132629976254793,0.9585534430328281,1.1283176648247404,1.1278594412227807,1.0217608671630516,0.9787025830970888,0.9734498896696465,0.8381700868105906,0.9866138627428485,0.9862131867878198,0.00045822360195968415,0,2562,15,15,0.018297374714165926,random_n5_b3_g5,134,20260830,"(0.44932215115017854, 1.0839489737001375, 0.30484514752444636, 0.15684615510180028, 0.3919559666650306)","(0.11008175372551032, 0.53603156045708, 0.24465448956196467, 0.8854317295662076, 0.9418093273698164)"
5,3,5,0.6387024951835083,0.6387024951835083,0.6387024951835083,0.46442044721027326,0.5963197224955308,0.5963197224955308,1.0,1.0,1.0,0.7271310989271126,0.9336423874846452,0.9336423874846452,0.0,0,2562,15,15,0.018490999937057495,random_n5_b3_g5,135,20260830,"(0.1412714819977126, 0.6400117664394823, 0.11371350879546405, 0.2957552160184397, 0.6504512571366647)","(0.1805669840469089, 0.36914688422824643, 0.165297147979229, 0.7340409136465788, 0.28495250753600676)"
5,3,5,0.42102890448425423,0.42102890448425434,0.42102890448425434,0.42102890448425434,0.42102890448425423,0.42102890448425423,0.9999999999999998,1.0000000000000002,1.0000000000000002,1.0000000000000002,1.0,1.0,0.0,0,2562,15,15,0.01860199961811304,random_n5_b3_g5,136,20260830,"(0.46670609645979216, 0.45509893743364277, 0.1085030729393705, 0.11697680036352667, 0.7199049721771758)","(0.281750135719469, 0.48872633394940473, 0.5255496953372487, 0.4416098754717238, 0.0932283645526381)"
5,3,5,1.0061084611522157,1.0039805889636164,1.0039805889636164,0.9888026239111953,0.9960289998706295,0.9960289998706295,1.0021194355866938,0.9978850469201278,0.9978850469201278,0.9827992329761331,0.98998173490158,0.98998173490158,0.0,0,2562,15,15,0.01859262492507696,random_n5_b3_g5,137,20260830,"(0.1762338110381005, 0.1287273666627331, 1.086411582937865, 1.8555145088796046, 1.285604065434032)","(0.5572920346936296, 0.9361117469019037, 0.1318479136592183, 0.3450136176858355, 0.1592312517230004)"
5,3,5,1.0433645938763658,1.0433645938763658,1.0433645938763658,1.0433645938763658,1.043364593876366,1.043364593876366,1.0,1.0,1.0,1.0,1.0000000000000002,1.0000000000000002,0.0,0,2562,15,15,0.01860662503167987,random_n5_b3_g5,138,20260830,"(0.6861605860832498, 0.14915540109263128, 0.28551839857804956, 0.3375643202571996, 1.1597143034466124)","(0.535443275669298, 0.8061734760547207, 0.4352686770021936, 0.2828050043097752, 0.45134960198070995)"
5,3,5,1.89934439109351,1.89934439109351,1.8993443910935102,1.8993443910935102,1.89934439109351,1.89934439109351,1.0,1.0,1.0000000000000002,1.0000000000000002,1.0,1.0,0.0,0,2562,15,15,0.01843520812690258,random_n5_b3_g5,139,20260830,"(0.3500025607665639, 0.5144828791916602, 0.12819441486457153, 1.2841292836744458, 1.931873845034885)","(0.10746493868658921, 0.7355593226522843, 0.14425958934937472, 0.07353054192523556, 0.738396554461707)"
5,3,5,1.2647830931082134,1.215969049320532,1.215969049320532,1.186969008137848,1.2066285772584988,1.2066285772584988,1.0401441498983532,0.9614052053244003,0.9614052053244003,0.9384763400187958,0.9540201666462829,0.9540201666462829,0.0,0,2562,15,15,0.018811875022947788,random_n5_b3_g5,140,20260830,"(0.16409568998800242, 0.13330820706447744, 0.3966315899853444, 0.14163060053123525, 1.039036505606525)","(0.48001963325769365, 0.376489699827123, 0.2906675683238454, 0.7750692759034412, 0.9498570124525412)"
5,3,5,2.258266295315541,2.258266295315541,2.258266295315541,1.8733679061056996,2.072757446194824,2.072757446194824,1.0,1.0,1.0,0.8295602294520096,0.9178534216688576,0.9178534216688576,0.0,0,2562,15,15,0.01858837530016899,random_n5_b3_g5,141,20260830,"(1.2306618352709722, 0.2128478854449654, 0.8086456038154824, 0.2551587668505102, 1.578212866886362)","(0.49114872815544114, 0.40987061031992145, 0.643213338399128, 0.37398938765275225, 0.7183420472027224)"
5,3,5,0.5863403151605688,0.5583909094974888,0.5561174196133112,0.4784319470757858,0.5850272511066884,0.5850272511066884,1.0500534754196347,0.9523324510690927,0.9484550272839739,0.8159629053389712,0.9977605768869554,0.9977605768869554,0.0,0,2562,15,15,0.01847087498754263,random_n5_b3_g5,142,20260830,"(0.13016168901171113, 0.32262064860362283, 0.31699491577798194, 0.7126458674592087, 0.15816292568980905)","(0.5037220303060599, 0.9447427632481206, 0.5859986298445268, 0.053525899008571604, 0.37154073587721437)"
5,3,5,1.2617198551944275,1.2497440884216893,1.2497440884216893,1.1832578407550116,1.2465374731541226,1.2465374731541226,1.0095825752517562,0.9905083789214898,0.9905083789214898,0.9378134424084773,0.9879669151770895,0.9879669151770895,0.0,0,2562,15,15,0.01840608287602663,random_n5_b3_g5,143,20260830,"(0.22209696213188987, 0.9691399234220921, 0.7459175142414063, 1.111856158789799, 1.4787990886112674)","(0.8502722294288622, 0.3348334418249202, 0.14417479839547725, 0.6623165661218328, 0.05988783746731852)"
5,3,5,0.660882422209609,0.6508773607876622,0.6508773607876622,0.46089140952383845,0.6313935869732532,0.6313935869732532,1.0153716537472421,0.9848610568450351,0.9848610568450351,0.6973879074932631,0.9553796042301107,0.9553796042301107,0.0,0,2562,15,15,0.01835754094645381,random_n5_b3_g5,144,20260830,"(0.13859223065512835, 0.8637829670116757, 0.2824163502347145, 0.3386820314806399, 0.6502015035738817)","(0.7771606366316691, 0.34303415457181535, 0.7801740221408789, 0.2932076158125174, 0.06979694374162544)"
5,3,5,1.2756041463666663,1.270584239498409,1.270584239498409,1.061224313593049,1.2752529341811498,1.2752529341811498,1.0039508650526303,0.9960646828543513,0.9960646828543513,0.8319385889547001,0.999724669924822,0.999724669924822,0.0,0,2562,15,15,0.018718792125582695,random_n5_b3_g5,145,20260830,"(0.5500374449041923, 0.35618418854987227, 0.12745445134255917, 1.1471799254243265, 0.17976979949962538)","(0.05091855819037934, 0.801784908378225, 0.5562211048994425, 0.7968307817345657, 0.16605584811538354)"
5,3,5,1.4956749796072997,1.4956749796072994,1.4956749796072997,1.3511614648616326,1.4828083252572712,1.4828083252572712,1.0000000000000002,0.9999999999999999,1.0,0.9033790651605269,0.9913974262286539,0.9913974262286539,0.0,0,2562,15,15,0.018255916889756918,random_n5_b3_g5,146,20260830,"(0.11519632843269353, 1.3429252584306095, 0.3621990656612822, 0.23900015793090823, 0.676691944397418)","(0.44971353272985837, 0.7057738292757841, 0.10336860847983761, 0.8564086245283273, 0.5071608785346192)"
5,3,5,2.964811092308369,2.9261604032781823,2.9261604032781823,2.77652296047425,2.913681531706243,2.913681531706243,1.0132086706480228,0.9869635238715686,0.9869635238715686,0.9364923679884373,0.9827545300492257,0.9827545300492257,0.0,0,2562,15,15,0.01876091631129384,random_n5_b3_g5,147,20260830,"(0.1082240835967958, 1.5252258617059222, 0.33794707468321616, 1.0491426549364293, 0.8967707197705387)","(0.08683900853174215, 0.9498819341852389, 0.20017961626552894, 0.6583448917914064, 0.8772344889394161)"
5,3,5,0.5592420085640992,0.5592420085640992,0.5592420085640991,0.5218016318258742,0.5453353802309249,0.5453353802309249,1.0,1.0,0.9999999999999998,0.93305156593233,0.9751330763422427,0.9751330763422427,0.0,0,2562,15,15,0.01859087496995926,random_n5_b3_g5,148,20260830,"(0.8255298564028037, 0.24276244952716017, 0.47733750513112666, 0.312823128455655, 0.1432564077942297)","(0.1575354385676857, 0.6288194654118143, 0.4295640039077171, 0.4749214766594105, 0.8471278725161757)"
5,3,5,0.5084284375906405,0.4977374777972975,0.4967274616850417,0.49672746168504167,0.5002422744580104,0.5002422744580104,1.0214791135291943,0.9789725377203413,0.9769859924416349,0.9769859924416348,0.9838990848516991,0.9838990848516991,0.0,0,2562,15,15,0.01874649990350008,random_n5_b3_g5,149,20260830,"(0.1471224361221237, 0.2812295388547883, 0.2815275489247637, 0.10244230878753106, 0.15911760263807104)","(0.8472006592303627, 0.40385013389060015, 0.7956239317654766, 0.2601243491285197, 0.5921407412614238)"
5,3,5,1.838164433448986,1.8381644334489864,1.8381644334489864,1.3814380492008966,1.72835470582221,1.72835470582221,0.9999999999999998,1.0000000000000002,1.0000000000000002,0.7515312689457688,0.9402612053478058,0.9402612053478058,0.0,0,2562,15,15,0.018561333883553743,random_n5_b3_g5,150,20260830,"(0.11944580334503183, 1.3220207900241696, 0.17688377631296912, 1.8498838410469507, 0.9814946747193618)","(0.8634250938826615, 0.6439881308039005, 0.15818461227490438, 0.22530486676759054, 0.5807580197190643)"
5,3,5,0.9222606320239157,0.9222606320239156,0.9222606320239156,0.8278850313775576,0.8957344348121724,0.8957344348121724,1.0000000000000002,0.9999999999999999,0.9999999999999999,0.8976692733384387,0.9712378515457922,0.9712378515457922,0.0,0,2562,15,15,0.01828600000590086,random_n5_b3_g5,151,20260830,"(0.7896021236658375, 0.3911668863815329, 0.15571101631471904, 0.11337935951766713, 0.20191131974992316)","(0.6714949146500052, 0.5741890577050989, 0.17705722561345527, 0.45107860442284264, 0.8292901839084487)"
5,3,5,0.8638842601421155,0.8638842601421155,0.8638842601421155,0.6421410703681977,0.8234709022662089,0.8234709022662089,1.0,1.0,1.0,0.7433184050170802,0.9532190135409363,0.9532190135409363,0.0,0,2562,15,15,0.018310542218387127,random_n5_b3_g5,152,20260830,"(0.17444277185092247, 0.19095449860260694, 0.34741409182164906, 0.5685265367140264, 0.5072966342117383)","(0.08586568625862377, 0.12641868050941824, 0.45705294827162496, 0.6805928359446346, 0.6271725767830436)"
5,3,5,1.399340288180704,1.3577780693742234,1.3549673814223486,1.1120048137067824,1.378699559585123,1.378637617327744,1.0306104655421602,0.9702987049272225,0.9682901241869875,0.7946636162048266,0.9852496717418061,0.9852054064134208,6.194225737909953e-05,0,2562,15,15,0.018884459044784307,random_n5_b3_g5,153,20260830,"(1.0765676040759586, 0.5867738009605994, 0.11315478633067455, 0.6618637508421287, 0.13093663079082374)","(0.567915580320541, 0.1501306839094378, 0.9062628300327645, 0.933232703332272, 0.14289048562874823)"
5,3,5,0.9948579434231053,0.9948579434231053,0.9948579434231053,0.9948579434231053,0.9948579434231053,0.9948579434231053,1.0,1.0,1.0,1.0,1.0,1.0,0.0,0,2562,15,15,0.018543374724686146,random_n5_b3_g5,154,20260830,"(1.0863990073356788, 0.4049181893623625, 1.880721934270286, 0.34455483673278653, 0.32127189755003543)","(0.37985684477109233, 0.17960666801682162, 0.2616261721117238, 0.05373975824976789, 0.2805591293598834)"
5,3,5,1.9217386782049708,1.8707163647596499,1.8687640895323345,1.713629253240759,1.9217386782049708,1.9217386782049708,1.0272742113163031,0.9734499211448566,0.9724340310816255,0.8917077398064344,1.0,1.0,0.0,0,2562,15,15,0.01845558313652873,random_n5_b3_g5,155,20260830,"(1.5042319089311496, 1.1551526411040538, 0.35004478257394445, 0.41267838539400964, 0.7433848555637453)","(0.5471550699683934, 0.3630131410732951, 0.10346249899839702, 0.625332850931483, 0.8426057926766761)"
5,3,5,2.680845037121853,2.5685914909630236,2.5685914909630236,2.3646006299287428,2.680845037121853,2.680845037121853,1.0437023740652285,0.9581275513487552,0.9581275513487552,0.8820355511735848,1.0,1.0,0.0,0,2562,15,15,0.018184791784733534,random_n5_b3_g5,156,20260830,"(1.1752933938559937, 0.3793536307167906, 1.7850410285798495, 0.13626005019782392, 1.6566676245493932)","(0.9335983707223384, 0.5391436464116804, 0.17679971439956282, 0.1942076434485942, 0.6976322420789014)"
5,3,5,0.46002612282116806,0.44162233336366713,0.44162233336366713,0.4055975035183506,0.4600261228211681,0.4600261228211681,1.0416731402991473,0.959994033937383,0.959994033937383,0.8816836335966595,1.0000000000000002,1.0000000000000002,0.0,0,2562,15,15,0.018196166027337313,random_n5_b3_g5,157,20260830,"(0.2096801219430988, 0.11295141408082734, 0.7101062969124963, 0.1117286532252566, 0.2278411742486796)","(0.6912798456398352, 0.3585526516379196, 0.12353149391557045, 0.2536779449462875, 0.917104645486862)"
5,3,5,1.1739134613397055,1.1654288037486857,1.1654288037486857,0.8102855460153671,1.1739134613397055,1.1739134613397055,1.0072802882198624,0.9927723312914933,0.9927723312914933,0.6902429972058116,1.0,1.0,0.0,0,2562,15,15,0.01858645910397172,random_n5_b3_g5,158,20260830,"(1.434036770438066, 0.1764953904188096, 0.13649650096774008, 0.6556151548172504, 1.573767660883309)","(0.36874426322202414, 0.4425455138194872, 0.08943795282057751, 0.8312943951692638, 0.05822128011016147)"
5,3,5,1.2892195109564801,1.269215183877367,1.269215183877367,1.2312087707965236,1.255142643149931,1.255142643149931,1.0157611785087546,0.9844833816824012,0.9844833816824012,0.9550032095644302,0.973567831143614,0.973567831143614,0.0,0,2562,15,15,0.018996916711330414,random_n5_b3_g5,159,20260830,"(0.9710392727800196, 0.4659128664491134, 0.1503715904302296, 0.20130293396016283, 0.24810334328532008)","(0.8435007902382277, 0.4737941434344971, 0.06856329069525777, 0.8077815418765252, 0.6319064466457563)"
5,3,5,1.4352247669198546,1.4352247669198546,1.4352247669198546,1.4352247669198546,1.4352247669198546,1.4352247669198546,1.0,1.0,1.0,1.0,1.0,1.0,0.0,0,2562,15,15,0.018589333165436983,random_n5_b3_g5,160,20260830,"(1.5449625457535316, 0.7534111877587177, 1.7094506205020032, 0.17734999667931414, 0.2856062973198835)","(0.12772081916249028, 0.5073562553974206, 0.5005426864882397, 0.06533977665696901, 0.15311458266358294)"
5,3,5,2.1116066632567865,2.0832677814467364,2.0832677814467364,2.0832677814467364,2.083267781446736,2.083267781446736,1.0136030912888068,0.9865794694139001,0.9865794694139001,0.9865794694139001,0.9865794694138998,0.9865794694138998,0.0,0,2562,15,15,0.018154125194996595,random_n5_b3_g5,161,20260830,"(1.2010591690586832, 1.3398617508531987, 0.1184134367960987, 0.6512924712672901, 0.9983877322696186)","(0.5043939957528961, 0.8868430221688358, 0.25542569941177834, 0.20960551413524792, 0.28968074653424536)"
5,3,5,2.0707176563074587,2.0707176563074587,2.070717656307459,1.2634187166693402,2.0097305158661305,2.0097305158661305,1.0,1.0,1.0000000000000002,0.6101356758227925,0.9705478242021264,0.9705478242021264,0.0,0,2562,15,15,0.018354749772697687,random_n5_b3_g5,162,20260830,"(1.6589170240182352, 1.8246658718712252, 0.9432955653977937, 0.10325770770784584, 0.19598041441800745)","(0.5709824288643846, 0.5171169568312877, 0.19075624687921933, 0.5316808916732293, 0.2751678535430935)"
5,3,5,2.613386806763806,2.6133868067638057,2.613386806763806,1.9733957993212463,2.4958219116170843,2.4958219116170843,1.0000000000000002,0.9999999999999998,1.0,0.7551104927191893,0.9550143534656073,0.9550143534656073,0.0,0,2562,15,15,0.018493583891540766,random_n5_b3_g5,163,20260830,"(0.1435144840675777, 0.7880301450571673, 1.7487278621559534, 1.3917966624250981, 0.3666442344015187)","(0.5051874830407499, 0.6879910555685597, 0.6295610916082623, 0.6635939516798036, 0.7412685715064196)"
5,3,5,1.4105286722739563,1.3661461503735564,1.3661461503735564,1.2534351288340673,1.4105286722739563,1.4105286722739563,1.0324873893530822,0.9685348318167475,0.9685348318167475,0.888627897803287,1.0,1.0,0.0,0,2562,15,15,0.01823549997061491,random_n5_b3_g5,164,20260830,"(0.9656209891810292, 0.5111602324524434, 0.7065772891265258, 0.8098520609908304, 0.18195891628646335)","(0.7900747340272363, 0.7703068276263088, 0.2964759699042036, 0.17927094764268287, 0.6637685556763014)"
5,3,5,0.9654767844362375,0.9639509062138779,0.9639509062138779,0.9639509062138778,0.963950906213878,0.963950906213878,1.001582941841253,0.9984195599035034,0.9984195599035034,0.9984195599035033,0.9984195599035035,0.9984195599035035,0.0,0,2562,15,15,0.018337583169341087,random_n5_b3_g5,165,20260830,"(0.9062472591445004, 0.16633873045877715, 0.8356566631097538, 0.4303668971949466, 0.23184803730897224)","(0.23117538253186443, 0.7925390204818743, 0.7134253869709142, 0.07116275092623414, 0.5015238542343352)"
5,3,5,1.1653522654596546,1.143467449949044,1.143467449949044,1.05704288884564,1.1653522654596546,1.1653522654596546,1.019138992991524,0.9812204290846095,0.9812204290846095,0.9070586810321309,1.0,1.0,0.0,0,2562,15,15,0.020140125416219234,random_n5_b3_g5,166,20260830,"(1.3451725049457186, 0.3298834506924144, 0.12334299159432302, 0.3229799148278416, 0.20674252646119184)","(0.6651847819832861, 0.17210160615616232, 0.13887280511814643, 0.13017110621494857, 0.9282352406791194)"
5,3,5,0.8634192441075061,0.8634192441075061,0.8634192441075063,0.8634192441075061,0.8634192441075061,0.8634192441075061,1.0,1.0,1.0000000000000002,1.0,1.0,1.0,0.0,0,2562,15,15,0.018727540969848633,random_n5_b3_g5,167,20260830,"(0.13622509876186284, 0.24713407949830377, 1.103901284713039, 0.12016182043593694, 1.83618673150658)","(0.633480937887105, 0.36502025399785504, 0.3696610146242581, 0.7149688225457306, 0.18474560971599635)"
5,3,5,1.9233670767289857,1.9173594286737856,1.9173594286737856,1.5434003643076049,1.8903935639739349,1.8777033108200247,1.00313329257173,0.9968764942855229,0.9968764942855229,0.8024471163000361,0.9828563599980468,0.976258423853953,0.012690253153910147,0,2562,15,15,0.018321499694138765,random_n5_b3_g5,168,20260830,"(1.8250879457852982, 0.9726520378299511, 0.1791411160442903, 0.2138405524496224, 1.3111395041922211)","(0.1474072720250625, 0.6751773971617405, 0.9030704084755432, 0.3491198218962321, 0.7215419936064316)"
5,3,5,1.2232509066432886,1.1831341980182666,1.152605970742515,1.1437482145612774,1.220508409330937,1.220508409330937,1.03390714991775,0.9672048404729117,0.9422482047492368,0.9350070442210635,0.9977580255224358,0.9977580255224358,0.0,0,2562,15,15,0.01856624986976385,random_n5_b3_g5,169,20260830,"(0.16918246660664416, 0.939750316188414, 0.9016177596492877, 0.18341336826815755, 0.11968404196830064)","(0.5170581549403332, 0.9397544620617319, 0.11534252522783213, 0.9022054949145628, 0.42443188275191723)"
5,3,5,0.9562613958272419,0.9562613958272421,0.9562613958272422,0.9562613958272422,0.9562613958272419,0.9562613958272419,0.9999999999999998,1.0000000000000002,1.0000000000000004,1.0000000000000004,1.0,1.0,0.0,0,2562,15,15,0.01846100017428398,random_n5_b3_g5,170,20260830,"(0.7001857465117233, 0.10596702530721408, 0.16222147814977947, 1.2403621392411757, 0.7093501686824895)","(0.39434003334704515, 0.3457192175760167, 0.8274916555405362, 0.18232163024777004, 0.629497753915262)"
5,3,5,0.7596929752130748,0.7556311653080624,0.7556311653080624,0.6180652691309363,0.7462858173291275,0.7462858173291275,1.0053753869500028,0.9946533533446547,0.9946533533446547,0.8135724421534694,0.9823518732943569,0.9823518732943569,0.0,0,2562,15,15,0.018239958211779594,random_n5_b3_g5,171,20260830,"(0.7050881959819457, 0.21291989889473717, 0.19776729131559, 0.2968280416611287, 0.3391396160991971)","(0.6236626833741358, 0.14132964538703668, 0.22419364120652596, 0.7860053808561028, 0.24351484501224124)"
5,3,5,1.064818016015606,1.0648180160156062,1.0648180160156062,1.064818016015606,1.064818016015606,1.064818016015606,0.9999999999999998,1.0000000000000002,1.0000000000000002,1.0,1.0,1.0,0.0,0,2562,15,15,0.01872425014153123,random_n5_b3_g5,172,20260830,"(1.444579351813368, 0.12269676482823968, 0.13115070216254987, 0.19264327447123675, 0.11205485548417513)","(0.6412800045827861, 0.11141971380609322, 0.06800344220274786, 0.2804261539613937, 0.7533448662557497)"
5,3,5,2.1392319037093492,2.1392319037093492,2.1392319037093492,1.4805703839518591,2.044046419150995,2.044046419150995,1.0,1.0,1.0,0.6921037318976987,0.9555048312465301,0.9555048312465301,0.0,0,2562,15,15,0.018632915802299976,random_n5_b3_g5,173,20260830,"(0.45450123275373966, 1.7381942205771905, 0.23241358663865297, 0.4922997608347063, 1.4492479516491137)","(0.27807310251334394, 0.5790225450473738, 0.31789297332515687, 0.6565324616924589, 0.5586121322658932)"
5,3,5,1.5691426693248613,1.547021738105066,1.547021738105066,1.3788575378484773,1.5691426693248613,1.5691426693248613,1.0142990435589425,0.9859025366830965,0.9859025366830965,0.8787330590160702,1.0,1.0,0.0,0,2562,15,15,0.018722333014011383,random_n5_b3_g5,174,20260830,"(0.12703613950855655, 0.5152687268688428, 1.3510841362890071, 0.14075522863087983, 0.11794181099603085)","(0.33394614884552326, 0.9100027427798786, 0.7437574771390493, 0.17011177144791695, 0.6210423102565777)"
5,3,5,1.6885090955424995,1.6458975687663118,1.6458975687663118,1.5667416007236392,1.6602786314505493,1.6602786314505493,1.0258895374686818,0.9747638156710686,0.9747638156710686,0.9278846082971571,0.9832808338631542,0.9832808338631542,0.0,0,2562,15,15,0.01813283422961831,random_n5_b3_g5,175,20260830,"(0.31771736951992263, 0.3167741615128373, 0.6161402821585972, 0.45534716685377324, 1.2108025274266687)","(0.8647389897827027, 0.3397985877712915, 0.6840004594655327, 0.23838230464425364, 0.7843679823975686)"
5,3,5,1.109292127968967,1.0876814467668565,1.0876814467668565,0.8201449771979488,1.109292127968967,1.109292127968967,1.0198685757363504,0.9805184940402687,0.9805184940402687,0.739340843155152,1.0,1.0,0.0,0,2562,15,15,0.018066124990582466,random_n5_b3_g5,176,20260830,"(0.5899143675925825, 0.6844851043270704, 0.94873210805543, 0.187217253001458, 0.4222127724388562)","(0.9307242606977041, 0.2247437675124247, 0.40559402247954, 0.3456488433127803, 0.20245248125604742)"
5,3,5,1.029171236818174,1.0134570001469039,1.0134570001469039,1.0134570001469039,1.0134570001469039,1.0134570001469039,1.0155055781044409,0.9847311738716553,0.9847311738716553,0.9847311738716553,0.9847311738716553,0.9847311738716553,0.0,0,2562,15,15,0.018140667118132114,random_n5_b3_g5,177,20260830,"(0.1306779815972438, 0.6312487049594974, 0.12069880134046809, 0.7794988761233898, 0.6834340474066887)","(0.7713365311470209, 0.5140131076682808, 0.535428453189945, 0.20143026388312046, 0.7783812195244728)"
5,3,5,1.6926076152261884,1.6440676131491267,1.6440676131491267,1.5430421520423856,1.6926076152261884,1.6926076152261884,1.0295243344548863,0.9713223539582296,0.9713223539582296,0.9116360686089576,1.0,1.0,0.0,0,2562,15,15,0.018598957918584347,random_n5_b3_g5,178,20260830,"(0.9119175066217229, 0.6690296617437919, 1.224106802437834, 0.21498907877792386, 0.16597088083998807)","(0.7234916645628315, 0.9050843095384421, 0.3094294126337135, 0.6001708151569927, 0.17079544099777377)"
5,3,5,0.9007322182976656,0.8891691173176854,0.8891691173176856,0.8891691173176854,0.8891691173176854,0.8891691173176854,1.013004388878082,0.9871625542585412,0.9871625542585413,0.9871625542585412,0.9871625542585412,0.9871625542585412,0.0,0,2562,15,15,0.018005541991442442,random_n5_b3_g5,179,20260830,"(0.6024410408403547, 0.7795226737128828, 0.2277157896522609, 0.16238519650615807, 0.11050371520717261)","(0.7474314037863043, 0.38524495744422554, 0.4807767760431092, 0.7388828630993555, 0.4465777960866579)"
5,3,5,1.4092982359807258,1.4092982359807253,1.4092982359807256,1.4092982359807256,1.4092982359807256,1.4092982359807256,1.0000000000000002,0.9999999999999997,0.9999999999999999,0.9999999999999999,0.9999999999999999,0.9999999999999999,0.0,0,2562,15,15,0.018158291932195425,random_n5_b3_g5,180,20260830,"(0.250470675699627, 0.3961770238593428, 0.39974585148813885, 1.9000594419125165, 0.42165845086885273)","(0.6037723266756456, 0.45178134153500377, 0.496017954880279, 0.5431576013697688, 0.3208654622455658)"
5,3,5,1.7279949273877993,1.7279949273877993,1.7279949273877993,1.4746415787150533,1.6930059387418657,1.6930059387418657,1.0,1.0,1.0,0.8533830483774979,0.9797516832420184,0.9797516832420184,0.0,0,2562,15,15,0.018033375032246113,random_n5_b3_g5,181,20260830,"(1.0757845854304575, 0.6462061253249076, 1.0777975140365688, 0.28119722102176076, 0.1272164049533608)","(0.8057139132301446, 0.737240154005575, 0.3570347963346846, 0.13628317505683601, 0.5263462230787894)"
5,3,5,0.5679739925136288,0.5679739925136288,0.5679739925136288,0.5679739925136288,0.5679739925136288,0.5679739925136288,1.0,1.0,1.0,1.0,1.0,1.0,0.0,0,2562,15,15,0.018050167243927717,random_n5_b3_g5,182,20260830,"(0.47614450763891836, 0.20088808722917825, 0.1586657631799827, 0.18500577937668664, 1.1571119856840024)","(0.541840695104807, 0.41661286368608696, 0.07568060023723149, 0.14790128184737833, 0.19556184969382023)"
5,3,5,0.5650020350093694,0.5593669374765511,0.5593669374765511,0.5400614860236075,0.5617148752352285,0.5617148752352285,1.0100740625791,0.9900264119708438,0.9900264119708438,0.9558575944149506,0.9941820390539188,0.9941820390539188,0.0,0,2562,15,15,0.018017875030636787,random_n5_b3_g5,183,20260830,"(0.6623516539232515, 0.17329495931318326, 0.2317065425734839, 0.463217201098336, 0.30893752948326114)","(0.12047541334959821, 0.5167216040919961, 0.7152431524471511, 0.3619442463843581, 0.7314799828231866)"
5,3,5,1.5422550211091859,1.5422550211091857,1.5422550211091859,1.2959389451649908,1.424081532673182,1.424081532673182,1.0000000000000002,0.9999999999999999,1.0,0.8402883617995646,0.923376168779782,0.923376168779782,0.0,0,2562,15,15,0.01819845801219344,random_n5_b3_g5,184,20260830,"(0.18745244116125365, 1.4131025147994616, 0.5841394290910652, 0.9166649172094343, 0.2819087980739529)","(0.8545362601352096, 0.5364262530236998, 0.07629629660743982, 0.4640213149758355, 0.8947644557335844)"
5,3,5,0.9275917268867008,0.9033476090354498,0.8914089273626452,0.8820393812367192,0.9185011802160606,0.9185011802160606,1.0268380827145132,0.9738633742103089,0.9609927530881536,0.9508918155157873,0.9901998407196332,0.9901998407196332,0.0,0,2562,15,15,0.01851170789450407,random_n5_b3_g5,185,20260830,"(0.15099513020405805, 0.6825670687939789, 0.30362408495302956, 0.19977948876929857, 0.25281042759485695)","(0.42630620769482364, 0.7606089409026671, 0.6041901335076418, 0.9450201159856304, 0.07363046717189639)"
5,3,5,1.646022017645418,1.5791329266204421,1.5791329266204421,1.5439927211737818,1.646022017645418,1.646022017645418,1.0423581130488664,0.9593631857241749,0.9593631857241749,0.9380146222967384,1.0,1.0,0.0,0,2562,15,15,0.018520625308156013,random_n5_b3_g5,186,20260830,"(0.2800456974882542, 1.0560745125498465, 0.5569786676269848, 1.1794992747106323, 1.833261372916297)","(0.12029854874216081, 0.76006805127734, 0.6952269840097569, 0.25638474533251865, 0.2123089682469969)"
5,3,5,1.1977993455387865,1.1562551578290863,1.1523064746924967,1.117105668016717,1.1977993455387868,1.1977993455387868,1.0359299480122546,0.9653162377618322,0.9620196228894862,0.9326317234830577,1.0000000000000002,1.0000000000000002,0.0,0,2562,15,15,0.018135833088308573,random_n5_b3_g5,187,20260830,"(0.6471019338782067, 0.19054142094709714, 0.3407528988896966, 0.6904338687330378, 0.3443974994788839)","(0.8789303694458639, 0.5155791460165668, 0.12288740120390718, 0.43320529845069866, 0.8259331822827757)"
5,3,5,1.12054135739652,1.119853783858985,1.119853783858985,1.119853783858985,1.119853783858985,1.119853783858985,1.0006139851000597,0.9993863916463267,0.9993863916463267,0.9993863916463267,0.9993863916463267,0.9993863916463267,0.0,0,2562,15,15,0.018338582944124937,random_n5_b3_g5,188,20260830,"(0.12485329293636678, 0.94357600440988, 1.3464089134094355, 0.11939221550863582, 0.6808040668573805)","(0.4308910700810717, 0.42717338937908145, 0.09909519028550534, 0.9403864725650802, 0.7752364311412311)"
5,3,5,0.890441788041593,0.8561085786958333,0.8561085786958333,0.7937164940675971,0.890441788041593,0.890441788041593,1.0401038024850326,0.9614424998839386,0.9614424998839386,0.8913738154778987,1.0,1.0,0.0,0,2562,15,15,0.018478792160749435,random_n5_b3_g5,189,20260830,"(0.5927734885308285, 1.4821179888296319, 0.10011458120021019, 0.4403871609253769, 1.106053173817958)","(0.5186950365178447, 0.12918551348750806, 0.7682366822549038, 0.8110403087796165, 0.15154391702510123)"
5,3,5,2.2356450874863807,2.1796236889198957,2.1796236889198957,2.1796236889198957,2.179623688919896,2.179623688919896,1.0257023259800624,0.9749417298478839,0.9749417298478839,0.9749417298478839,0.9749417298478841,0.9749417298478841,0.0,0,2562,15,15,0.01797770895063877,random_n5_b3_g5,190,20260830,"(1.9166110507080862, 1.024311707013963, 0.1665123856481642, 1.263537067765508, 0.6684386378562894)","(0.7943043462610659, 0.1892143896657515, 0.7797749524672792, 0.1730772521710146, 0.6560986345012683)"
5,3,5,0.4969531718267433,0.49695317182674337,0.49695317182674337,0.49695317182674337,0.4969531718267433,0.4969531718267433,0.9999999999999999,1.0000000000000002,1.0000000000000002,1.0000000000000002,1.0,1.0,0.0,0,2562,15,15,0.018934582825750113,random_n5_b3_g5,191,20260830,"(1.2550877527900897, 0.8679018003473216, 0.23030115879239857, 1.180833379809221, 0.15594138162565588)","(0.07285636097976693, 0.26835748968604484, 0.24457031555673692, 0.14463295324550088, 0.5980311538006817)"
5,3,5,0.7602521411605785,0.7602521411605786,0.7602521411605786,0.7602521411605786,0.7602521411605784,0.7602521411605784,0.9999999999999999,1.0000000000000002,1.0000000000000002,1.0000000000000002,0.9999999999999999,0.9999999999999999,0.0,0,2562,15,15,0.026779124978929758,random_n5_b3_g5,192,20260830,"(0.24197444060479542, 0.5258881689465243, 0.10930553004007341, 0.9205560286362566, 0.10139679309348067)","(0.534950324149791, 0.21031739713775816, 0.5156714139808005, 0.5650980371236642, 0.318277949699608)"
5,3,5,0.9185367774946451,0.8874312505281992,0.8874312505281992,0.8271518823715379,0.8893591379691488,0.8893591379691488,1.0350511963016087,0.9661357849477864,0.9661357849477864,0.9005103580366547,0.968234652938906,0.968234652938906,0.0,0,2562,15,15,0.01850866712629795,random_n5_b3_g5,193,20260830,"(0.9775067762741855, 0.33432550222870255, 0.4862796663035764, 0.333206296262659, 0.25614057246733796)","(0.4956743820511705, 0.5209750059066378, 0.21988287411486018, 0.19015543872249374, 0.8929899334026415)"
5,3,5,0.6979338688720987,0.6979338688720987,0.6979338688720989,0.6979338688720989,0.6979338688720987,0.6979338688720987,1.0,1.0,1.0000000000000002,1.0000000000000002,1.0,1.0,0.0,0,2562,15,15,0.01826600031927228,random_n5_b3_g5,194,20260830,"(0.24913798784057667, 1.6143926109006532, 0.5828760298424562, 0.2982670180852309, 0.5104376399329787)","(0.4852218749586087, 0.19319300143616613, 0.20647929716926833, 0.4371734861438465, 0.5008448883419923)"
5,3,5,0.5565364071912238,0.5565364071912238,0.5565364071912238,0.5565364071912238,0.5565364071912239,0.5565364071912239,1.0,1.0,1.0,1.0,1.0000000000000002,1.0000000000000002,0.0,0,2562,15,15,0.018003833945840597,random_n5_b3_g5,195,20260830,"(0.3045059380507802, 0.23096485992379065, 0.2969030746707408, 0.5033246707472019, 0.7093839700248215)","(0.46392742446855834, 0.6681866585728832, 0.6320056306434061, 0.3821595323886742, 0.06922812102518254)"
5,3,5,0.6522809239660334,0.64845842591408,0.64845842591408,0.42629551740196087,0.6522809239660334,0.6522809239660334,1.00589474652375,0.9941397978823117,0.9941397978823117,0.6535458906416824,1.0,1.0,0.0,0,2562,15,15,0.018126084003597498,random_n5_b3_g5,196,20260830,"(1.3517840461598967, 0.3289486017087192, 0.1676879054639271, 0.152960663553675, 0.1456309371997979)","(0.23325091435738476, 0.8984522398708135, 0.22427946143127392, 0.14955455363481202, 0.2503874034029053)"
5,3,5,1.6522517347555046,1.6316179472953367,1.6316179472953365,1.2063910736225771,1.6346775849574784,1.6346775849574784,1.0126462126102325,0.9875117168733243,0.9875117168733242,0.7301496789174776,0.989363515602163,0.989363515602163,0.0,0,2562,15,15,0.018119166139513254,random_n5_b3_g5,197,20260830,"(1.151439762708113, 0.5840092585331398, 0.802786095575791, 0.12494824114656766, 1.029395557782055)","(0.511902338615227, 0.33246422477757936, 0.11647280802744257, 0.8719407130644791, 0.8127820126587929)"
5,3,5,1.9977103030673629,1.9381199719938094,1.9381199719938094,1.9381199719938094,1.9381199719938098,1.9381199719938098,1.0307464614856896,0.9701706844170268,0.9701706844170268,0.9701706844170268,0.970170684417027,0.970170684417027,0.0,0,2562,15,15,0.018475749995559454,random_n5_b3_g5,198,20260830,"(0.15109315548060825, 0.36326860436218944, 0.10508195499538535, 1.4685350498540481, 1.6335534499491982)","(0.7825296533933397, 0.28924464535696554, 0.3031008515485321, 0.2524752168196664, 0.8870945681828463)"
5,3,5,2.176238220211099,2.150132161995199,2.150132161995199,1.4374945704321498,2.079771620709246,2.048400254296281,1.0121416063055746,0.9880040438710026,0.9880040438710026,0.6605410000991115,0.9556727757991055,0.9412573657021714,0.031371366412964896,0,2562,15,15,0.018369415774941444,random_n5_b3_g5,199,20260830,"(0.5260988623221333, 0.21495430318093492, 1.9013550165475177, 1.1440661424055338, 1.377327884271672)","(0.8421185186288083, 0.5076033621641424, 0.07580448822118796, 0.7788320414796085, 0.5924945014514903)"
6,3,3,1.5431508492159154,1.5406751946780206,1.5326598774125821,1.0608109370794456,1.5029221628930771,1.4907888493840038,1.001606863371622,0.998395714495992,0.993201590234251,0.6874317812924449,0.973930814124051,0.9660681262246545,0.012133313509073318,0,10825,15,15,0.05443716701120138,random_n6_b3_g3,0,20260830,"(0.431342225955458, 1.030784668286365, 0.4349218071573873, 0.12272981087737213, 0.132943291816818, 1.0738006371766862)","(0.3512034170004297, 0.639072072261191, 0.12814978703643182, 0.3542839996979499, 0.9475084703655873, 0.6300082332916054)"
6,3,3,0.9425955209083599,0.929450626794819,0.9018433609279192,0.8951854269546147,0.9425955209083599,0.9425955209083599,1.014142649146271,0.9860545760912662,0.9567660156700419,0.9497026106085704,1.0,1.0,0.0,0,10825,15,15,0.053228499833494425,random_n6_b3_g3,1,20260830,"(0.1726630204417644, 0.846008106595282, 0.28677117740287383, 0.17095027130331697, 0.49710495519877046, 0.21055262044839365)","(0.11887827910165648, 0.19713175718347725, 0.8564328230611876, 0.7373195589553572, 0.8972619714014354, 0.0884642259918769)"
6,3,3,2.087550496106855,1.9907093481631362,1.927930483697081,1.7351776348328263,1.9895659024976398,1.9895659024976398,1.0486465530656577,0.953610153084047,0.9235371730133212,0.8312027124942937,0.9530624079312333,0.9530624079312333,0.0,0,10825,15,15,0.053773750085383654,random_n6_b3_g3,2,20260830,"(0.7478935024512859, 0.2965116355379691, 1.4023486450871627, 0.25431746568814045, 0.8561798943210575, 0.6317986819164406)","(0.784243849886421, 0.7447433417228513, 0.15479993498415479, 0.47306217923052707, 0.9028594863806468, 0.8194299445123244)"
6,3,3,0.7107501797901759,0.7107501797901757,0.7107501797901757,0.7107501797901756,0.7107501797901755,0.7107501797901755,1.0000000000000002,0.9999999999999999,0.9999999999999999,0.9999999999999997,0.9999999999999996,0.9999999999999996,0.0,0,10825,15,15,0.05495783407241106,random_n6_b3_g3,3,20260830,"(0.12131302449281144, 0.46659474699396597, 1.8285072857349012, 0.1572507051053384, 0.7035170814415563, 0.8459010974561736)","(0.3906008756865734, 0.12691189766870803, 0.06385714475151692, 0.7044316887368155, 0.541627589175112, 0.251734706624057)"
6,3,3,0.9490029837709734,0.9490029837709735,0.9490029837709735,0.6844081969489868,0.8708019132573142,0.8708019132573142,0.9999999999999999,1.0000000000000002,1.0000000000000002,0.7211865596348407,0.917596602064497,0.917596602064497,0.0,0,10825,15,15,0.054023874923586845,random_n6_b3_g3,4,20260830,"(0.6244833954507952, 0.19522702677336717, 0.8588706601320139, 0.11883759467834387, 0.17901221742970427, 0.6445934075408375)","(0.5911003308959584, 0.7486099537707378, 0.4403025241823715, 0.8579222105761047, 0.4836643028766839, 0.14992139948504435)"
6,3,3,1.604879431396845,1.5550136808868178,1.5479551480224694,1.5032164073065832,1.5952186150901029,1.5952186150901029,1.0320677246270844,0.9689286624686657,0.9645304922845012,0.936653793362049,0.9939803476088334,0.9939803476088334,0.0,0,10825,15,15,0.053771375212818384,random_n6_b3_g3,5,20260830,"(0.10922971572193389, 0.34533280238029757, 1.237978812844348, 0.1672405123207744, 0.2819282858952529, 0.2548088926685772)","(0.20648486435047136, 0.2349353313366831, 0.872439132639299, 0.35603432180031414, 0.9223110095381081, 0.7812786779144677)"
6,3,3,1.8172916250782007,1.8015461587009005,1.801546158700901,1.801546158700901,1.801546158700901,1.801546158700901,1.0087399738836857,0.9913357514226024,0.9913357514226028,0.9913357514226028,0.9913357514226028,0.9913357514226028,0.0,0,10825,15,15,0.05688404105603695,random_n6_b3_g3,6,20260830,"(0.5500717947114198, 1.0797145137569484, 0.37909168537943316, 0.28297547085552877, 0.954269193417739, 1.6599179090228173)","(0.4102961151260087, 0.7832340570844699, 0.9014519624252794, 0.15232049563157343, 0.45654892876230524, 0.20235251264647774)"
6,3,3,2.2129065908383785,2.149335812091868,2.149335812091868,2.149335812091868,2.149335812091868,2.149335812091868,1.0295769411130964,0.9712727238421637,0.9712727238421637,0.9712727238421637,0.9712727238421637,0.9712727238421637,0.0,0,10825,15,15,0.058107499964535236,random_n6_b3_g3,7,20260830,"(0.2013531395522806, 0.6282660598059434, 0.14391935068658046, 0.37289162425197203, 0.30370240357540723, 1.984597544581896)","(0.7138794950291025, 0.309791695682603, 0.4020581672210657, 0.3871414525925648, 0.44281440026788216, 0.9044896836024181)"
6,3,3,1.2918001088015376,1.2918001088015374,1.2918001088015374,1.2918001088015374,1.2918001088015376,1.2918001088015376,1.0000000000000002,0.9999999999999998,0.9999999999999998,0.9999999999999998,1.0,1.0,0.0,0,10825,15,15,0.05610375013202429,random_n6_b3_g3,8,20260830,"(0.5035427150569826, 0.3171214061360383, 0.12937596262200107, 1.081338222418532, 0.2285872861207397, 1.9209580414958234)","(0.3314370477734058, 0.39807987916570214, 0.12259091479502815, 0.7474949805813235, 0.30572953880678555, 0.16482010407688064)"
6,3,3,1.1557843344898169,1.1557843344898169,1.155784334489817,1.1557843344898169,1.1557843344898169,1.1557843344898169,1.0,1.0,1.0000000000000002,1.0,1.0,1.0,0.0,0,10825,15,15,0.05540737509727478,random_n6_b3_g3,9,20260830,"(0.10121178942732464, 0.9268015188702428, 0.11348446989179348, 0.5479469666996499, 0.36944077370839373, 0.2969688225855984)","(0.7635426846789038, 0.7068834931269714, 0.16599512979980063, 0.5859757647365224, 0.48603188745561143, 0.40919985620882054)"
6,3,3,0.7279633773912715,0.7151836841086453,0.7151836841086454,0.6676442159615907,0.6979111836702254,0.6979111836702254,1.0178691063101557,0.9824445931216712,0.9824445931216713,0.9171398406801172,0.9587174373678782,0.9587174373678782,0.0,0,10825,15,15,0.05599133390933275,random_n6_b3_g3,10,20260830,"(0.29502639890541366, 0.26592745703298654, 0.14924218661301406, 0.3369261076208692, 0.3341868074225803, 0.3659127666116533)","(0.16780990654359318, 0.30597202680024127, 0.7376836299635847, 0.7656472250083037, 0.7767010657390424, 0.49255409596280875)"
6,3,3,1.666907204328222,1.6669072043282218,1.666907204328222,1.6669072043282218,1.666907204328222,1.666907204328222,1.0000000000000002,0.9999999999999999,1.0,0.9999999999999999,1.0,1.0,0.0,0,10825,15,15,0.05373920826241374,random_n6_b3_g3,11,20260830,"(1.7096717214132882, 0.2622089307892469, 0.7161926814599682, 0.19686147996043532, 0.2114945029058227, 0.4019080240562429)","(0.650710665387698, 0.4636037023161688, 0.5211344948423869, 0.06541988322076342, 0.42332935663030163, 0.45078191722054756)"
6,3,3,1.1154582704361709,1.113004429907939,1.1065822220805221,1.0003834975234445,1.1065038260624462,1.1065038260624462,1.0022046996959706,0.9978001503119678,0.9920426890087265,0.8968363264116287,0.9919724075646297,0.9919724075646297,0.0,0,10825,15,15,0.05459687486290932,random_n6_b3_g3,12,20260830,"(0.21858287601074367, 1.6700369095389176, 0.21287351478155883, 0.12274101054589973, 0.1755650135785103, 0.3170640103254842)","(0.9339999607465332, 0.39474674562196654, 0.5386045643423235, 0.7495346100922354, 0.847115398250528, 0.10629570005989714)"
6,3,3,2.173810724479191,2.1230355339329656,2.1230355339329656,1.9871782440181032,2.059947121819303,2.059947121819303,1.0239163168654852,0.9766423129785643,0.9766423129785643,0.9141450180738243,0.9476202774336906,0.9476202774336906,0.0,0,10825,15,15,0.05628541670739651,random_n6_b3_g3,13,20260830,"(1.492241265554957, 0.12113912597809785, 0.14754481028054828, 0.2191361072399556, 1.1903057128353798, 0.26988016294056755)","(0.939166338225265, 0.283193151561692, 0.3037725398079307, 0.381491962411293, 0.4210248330474029, 0.8167495616924492)"
6,3,3,2.9039145657275576,2.8561157312671615,2.718398909112162,2.708585570605873,2.9039145657275576,2.9039145657275576,1.016735608412895,0.9835398620109127,0.9361153186788346,0.9327359704631165,1.0,1.0,0.0,0,10825,15,15,0.05470287520438433,random_n6_b3_g3,14,20260830,"(1.2311077529780274, 0.37278231553745667, 1.43742107124929, 1.3902012305096307, 1.2066543654582083, 0.7221778242362055)","(0.16185980847349773, 0.8765581360937146, 0.3214399346786275, 0.5019383228696241, 0.9419118076958641, 0.8149980666729881)"
6,3,3,1.9741625142530275,1.9570659502327434,1.9570659502327437,1.6441470487763303,1.9477209875899288,1.9477209875899288,1.0087358139454885,0.9913398396044649,0.991339839604465,0.8328326755806289,0.9866062056835765,0.9866062056835765,0.0,0,10825,15,15,0.07218545768409967,random_n6_b3_g3,15,20260830,"(0.1796852548346904, 0.9845389164425493, 0.8093409158147459, 0.4031864294326466, 1.6499045609620882, 0.82102986196043)","(0.6050475514646984, 0.2620539456569937, 0.7596456528208283, 0.3731160312287669, 0.6571600320597736, 0.19301107008834606)"
6,3,3,2.3565627245848786,2.3565627245848786,2.3565627245848786,1.5923140043099937,2.306120651015619,2.306120651015619,1.0,1.0,1.0,0.6756934528829436,0.9785950643099708,0.9785950643099708,0.0,0,10825,15,15,0.05541470926254988,random_n6_b3_g3,16,20260830,"(1.8936499339882227, 1.8085502291611355, 0.21533542285856253, 0.2604126324526631, 0.7731575379532764, 0.22166757804609263)","(0.5054438508468493, 0.6269090840916802, 0.7131907812837767, 0.13203321142450244, 0.34356832735534415, 0.17151425592219555)"
6,3,3,1.2405617314020267,1.2397752206220425,1.2397752206220427,0.8148765653835177,1.2405617314020267,1.2405617314020267,1.0006343978867311,0.9993660043187892,0.9993660043187894,0.6568609564173651,1.0,1.0,0.0,0,10825,15,15,0.05400695791468024,random_n6_b3_g3,17,20260830,"(0.7374399794580645, 0.11781543398083809, 1.4837089896897782, 0.46289091170191937, 0.12317218768436104, 0.6449315198840282)","(0.7749993529117787, 0.2664952008160525, 0.40545742587540873, 0.14404881223048177, 0.4079469711102804, 0.06857385375730862)"
6,3,3,1.2080265231645233,1.1793753786519887,1.1686973199797461,1.168697319979746,1.2080265231645233,1.2080265231645233,1.0242934904621144,0.9762826858821936,0.9674434274160213,0.9674434274160212,1.0,1.0,0.0,0,10825,15,15,0.05500379204750061,random_n6_b3_g3,18,20260830,"(0.6441276445498734, 0.2527277170588175, 1.175451017123463, 0.31344012016505346, 0.30991388929183933, 0.5813407779329569)","(0.8232325595303082, 0.7569442682380948, 0.3166392316105603, 0.38921699890772005, 0.5364523541373243, 0.40877214390132477)"
6,3,3,2.417989851237371,2.385502464497947,2.3830772356637624,1.9833423446270289,2.367853932988023,2.367853932988023,1.0136186766615902,0.9865642997952208,0.9855613059931816,0.8202442800213087,0.9792654554676101,0.9792654554676101,0.0,0,10825,15,15,0.05384525004774332,random_n6_b3_g3,19,20260830,"(0.2752932798474135, 1.6771819506032262, 0.2822032602125621, 1.120358442883705, 0.23380901046829064, 0.8249854351339656)","(0.5622073213836901, 0.5590584244300975, 0.19215952554803595, 0.8636382563509802, 0.8341173999491529, 0.5410692696226437)"
6,3,3,1.3752650529354726,1.3719634425019944,1.3719634425019944,1.14080423385559,1.3752650529354726,1.3752650529354726,1.002406485720536,0.9975992915500681,0.9975992915500681,0.8295159041673957,1.0,1.0,0.0,0,10825,15,15,0.05483995797112584,random_n6_b3_g3,20,20260830,"(1.1777048705207853, 0.47334557080856343, 0.18535382408804565, 1.4760640845593274, 0.15065354302102052, 0.4510131237934815)","(0.2660706141040194, 0.9246499503366916, 0.2643182281014423, 0.4206672544399587, 0.4592642602680579, 0.0620218981889977)"
6,3,3,1.0693133925280647,1.0693133925280651,1.0693133925280651,1.0693133925280651,1.0693133925280647,1.0693133925280647,0.9999999999999996,1.0000000000000004,1.0000000000000004,1.0000000000000004,1.0,1.0,0.0,0,10825,15,15,0.053366958163678646,random_n6_b3_g3,21,20260830,"(0.3524332564790008, 0.12897735650621786, 1.3097706798954556, 0.2505503040830615, 0.4581131125009778, 1.6313993173048509)","(0.26121605422381555, 0.2553855432191154, 0.4046140853355641, 0.7692661747482172, 0.07903752588244647, 0.21246904372344705)"
6,3,3,1.735237104479057,1.7293785797879693,1.7260873330491502,1.421249363814646,1.7328988049182892,1.7300466794493234,1.0033876473084373,0.9966237900999434,0.994727077120303,0.8190519671035534,0.9986524610644089,0.9970088093342772,0.0028521254689657383,0,10825,15,15,0.05413662502542138,random_n6_b3_g3,22,20260830,"(0.6527289831464543, 0.19134485113630614, 0.3582197812114771, 0.14784474706026296, 0.20661003670274192, 1.602549893067673)","(0.8871474562297504, 0.9217450455840532, 0.6732167109658103, 0.5954986177181041, 0.40271964547852396, 0.49590253230402015)"
6,3,3,1.390203285020256,1.390203285020256,1.3902032850202561,1.3902032850202561,1.390203285020256,1.390203285020256,1.0,1.0,1.0000000000000002,1.0000000000000002,1.0,1.0,0.0,0,10825,15,15,0.05372200021520257,random_n6_b3_g3,23,20260830,"(0.25612446929334726, 1.3281354124453097, 0.11312758548225409, 1.2985796784711021, 0.5157910600846769, 0.6407266143282025)","(0.8305291175647534, 0.4935401852299125, 0.5892658662951442, 0.3430129244810267, 0.4512341770156941, 0.35862424700203105)"
6,3,3,1.7053381024234988,1.7053381024234988,1.7053381024234988,1.5121588249536662,1.659845987135298,1.6564668300490308,1.0,1.0,1.0,0.8867208343053493,0.973323697380859,0.9713421800023023,0.003379157086267126,0,10825,15,15,0.053951332811266184,random_n6_b3_g3,24,20260830,"(1.2634853220519147, 0.28861328688202986, 0.3790401515717126, 0.13137322726476403, 0.37671467802773495, 1.3169827416084785)","(0.6702942703611713, 0.8331740915598176, 0.5085093941507707, 0.9077491605701473, 0.8301620672729232, 0.27199474304281585)"
6,3,3,1.5331481387038521,1.532174043091121,1.5157531939188322,1.5119811213875236,1.532174043091121,1.532174043091121,1.0006357604197273,0.9993646435147783,0.9886541004447712,0.9861937559835389,0.9993646435147783,0.9993646435147783,0.0,0,10825,15,15,0.05406895885244012,random_n6_b3_g3,25,20260830,"(0.2519280011243657, 1.9347246525855357, 0.20557949034409267, 0.1936014757935981, 0.2904510715090159, 0.2533466813053925)","(0.3283682026600274, 0.603422582057934, 0.6357098538077961, 0.5735009346840111, 0.11763726246121711, 0.8003387801515531)"
6,3,3,2.522398064370344,2.522398064370344,2.522398064370344,2.522398064370344,2.5223980643703436,2.5223980643703436,1.0,1.0,1.0,1.0,0.9999999999999998,0.9999999999999998,0.0,0,10825,15,15,0.05427512526512146,random_n6_b3_g3,26,20260830,"(0.5137171329738688, 0.9351691113099698, 0.25693878778231793, 0.3696315640129841, 1.6761748250856485, 1.335761039685235)","(0.059068459163012066, 0.6315944633680382, 0.4681021040075627, 0.2971582761026165, 0.8498006468029744, 0.3798104344779086)"
6,3,3,1.3821557372971018,1.382155737297102,1.382155737297102,1.351544212448676,1.3540633470032386,1.3540633470032386,0.9999999999999999,1.0000000000000002,1.0000000000000002,0.9778523331181993,0.979674945785198,0.979674945785198,0.0,0,10825,15,15,0.05364225013181567,random_n6_b3_g3,27,20260830,"(0.10388408963387788, 0.23025399998314017, 1.915307423680823, 0.37893960548170835, 0.970342354889382, 0.2883947072179257)","(0.9056731314656098, 0.258681644784575, 0.21132320253086317, 0.5578144988576768, 0.7559037911636055, 0.2588536684834549)"
6,3,3,2.438571310035628,2.414182489141999,2.414182489141999,1.899557978253744,2.401590571632419,2.401590571632419,1.0101023104107993,0.9899987255680162,0.9899987255680162,0.7789634735865039,0.984835080175421,0.984835080175421,0.0,0,10825,15,15,0.05395474983379245,random_n6_b3_g3,28,20260830,"(1.679187724952142, 0.7680210604057975, 0.3005858477878207, 0.5852373079590437, 0.5132556887568697, 1.4353073672047776)","(0.4667140101885217, 0.6510742340442242, 0.312908126132608, 0.05199230836376648, 0.4962159262489026, 0.7875966879054033)"
6,3,3,1.1222750287738517,1.081296260097626,1.081296260097626,1.0260650991355478,1.1089353037759788,1.1089353037759788,1.0378978178214784,0.9634859837155983,0.9634859837155983,0.914272413471216,0.9881136756535988,0.9881136756535988,0.0,0,10825,15,15,0.054577582981437445,random_n6_b3_g3,29,20260830,"(0.36450815501623346, 0.7741285143576156, 0.4766669378358332, 0.5931766133230624, 0.2645479076333441, 0.10247984133756699)","(0.5438048431187508, 0.6707845741238329, 0.733608234632437, 0.35796421965155484, 0.3037381114252096, 0.7622820632151329)"
6,3,3,2.1894264887473365,2.1565097959724473,2.1565097959724477,2.0410863216038133,2.1496108621746997,2.1496108621746997,1.0152638735220982,0.9849656095127806,0.9849656095127808,0.9322470208952324,0.9818145862502025,0.9818145862502025,0.0,0,10825,15,15,0.05331962462514639,random_n6_b3_g3,30,20260830,"(0.17658051058424787, 0.691289543862979, 0.2636423452883969, 1.6414439013672872, 0.21127149199906425, 0.2849750741924594)","(0.05493250842118479, 0.5124792266065438, 0.3930162523446387, 0.8535124280364724, 0.8646734393457682, 0.9351053387033)"
6,3,3,2.0930015039784085,2.067345884239846,2.067345884239846,1.9569328054308968,2.0670430451036363,2.0670430451036363,1.0124099309816246,0.9877421876239478,0.9877421876239478,0.9349887239503315,0.9875974963107146,0.9875974963107146,0.0,0,10825,15,15,0.05384429218247533,random_n6_b3_g3,31,20260830,"(0.10669420650980263, 0.2159645145809626, 0.26465441867695555, 0.323171860282047, 1.6091338421360701, 0.9486780548807063)","(0.5031256327592465, 0.16449438092672442, 0.41322165500912583, 0.8768525205323368, 0.7463630312638372, 0.61451175017832)"
6,3,3,0.8377871889437736,0.8377871889437736,0.8377871889437736,0.8377871889437736,0.8377871889437736,0.8377871889437736,1.0,1.0,1.0,1.0,1.0,1.0,0.0,0,10825,15,15,0.054050750099122524,random_n6_b3_g3,32,20260830,"(0.10712252722972303, 0.7221381709125448, 0.15431076740778518, 0.5854531176032175, 0.4053391657239995, 0.2280130378006676)","(0.15934172898947985, 0.5168153618963148, 0.2960769117939705, 0.5001583100867432, 0.41351740748803767, 0.6558015636964017)"
6,3,3,2.3165461796880957,2.3165461796880953,2.3165461796880953,1.9613384938543945,2.2098592126580248,2.2098592126580248,1.0000000000000002,0.9999999999999998,0.9999999999999998,0.846664966600611,0.95394567655697,0.95394567655697,0.0,0,10825,15,15,0.05385466571897268,random_n6_b3_g3,33,20260830,"(1.6635319397036905, 0.1291561824233229, 0.20006300700837493, 0.8506361721792451, 0.472967788096763, 1.1105915877137913)","(0.533441044356222, 0.6397707777913495, 0.461885471443382, 0.886610499088002, 0.06104338676698674, 0.6077544713659613)"
6,3,3,1.1910456292535212,1.1768956425764843,1.1768956425764843,1.176895642576484,1.1768956425764843,1.1768956425764843,1.012023144759088,0.988119693881161,0.988119693881161,0.9881196938811609,0.988119693881161,0.988119693881161,0.0,0,10825,15,15,0.07080016704276204,random_n6_b3_g3,34,20260830,"(0.9971629555735717, 0.15472921839486248, 0.5473609461079961, 0.14996556888944584, 0.3080613216357428, 0.13427176139131772)","(0.7615047192398093, 0.08208481845871995, 0.5078470739979123, 0.26915666788475756, 0.4048069373462962, 0.779493356485275)"
6,3,3,3.6765108784386067,3.585028174650212,3.538819335454904,3.2566169587645555,3.516641196717563,3.516641196717563,1.0255179873997282,0.9751169772609929,0.9625483107390724,0.885790105467503,0.9565159231110614,0.9565159231110614,0.0,0,10825,15,15,0.053860584273934364,random_n6_b3_g3,35,20260830,"(0.6211505370079907, 1.5938280783214454, 0.9272639453399366, 1.1954983756203557, 0.48320198035505557, 1.4901689485961844)","(0.1977828385212047, 0.8100640980234488, 0.7288273520125217, 0.6755174806560371, 0.4043131182048048, 0.8070258983689841)"
6,3,3,2.1243863113363552,2.1243863113363557,2.1243863113363557,1.9537348152796752,2.071532489051653,2.071532489051653,0.9999999999999998,1.0000000000000002,1.0000000000000002,0.9196702148069619,0.9751204279548128,0.9751204279548128,0.0,0,10825,15,15,0.054850750137120485,random_n6_b3_g3,36,20260830,"(0.5357209671647662, 0.15846640184637062, 0.6654126700220451, 0.5228415127418962, 1.9175811826087281, 0.5180883630378558)","(0.15697398831727458, 0.30375799713088875, 0.062266617456760244, 0.5249615470335618, 0.7767875167940064, 0.6955599132770391)"
6,3,3,1.8880592465533224,1.8239153445905947,1.8105840525842714,1.8026034940327338,1.878672854661012,1.878672854661012,1.0351682451452404,0.966026541762488,0.9589656976546245,0.954738839537695,0.9950285501318641,0.9950285501318641,0.0,0,10825,15,15,0.054577124770730734,random_n6_b3_g3,37,20260830,"(0.3138228703205366, 0.11398773017091696, 0.538242843676706, 0.4002203912872225, 0.6147485096842205, 1.2422185136616426)","(0.591615246902362, 0.2351849099107, 0.9479136086391625, 0.09130923300712643, 0.16665339898690673, 0.8973573724290955)"
6,3,3,1.413612491660122,1.4136124916601218,1.413612491660122,1.1883481940408402,1.376008672994596,1.376008672994596,1.0000000000000002,0.9999999999999999,1.0,0.8406463589220725,0.9733987787407249,0.9733987787407249,0.0,0,10825,15,15,0.05390037503093481,random_n6_b3_g3,38,20260830,"(1.0469922302845232, 0.2358307810491463, 0.6284820213261862, 1.7516465995663226, 1.2396475531581244, 0.5672608347543776)","(0.6664888164805403, 0.5579754614662489, 0.6282756961348104, 0.09466426742720332, 0.2588993129207654, 0.26124666095721955)"
6,3,3,0.7786120559679363,0.7786120559679364,0.7786120559679364,0.7786120559679364,0.7786120559679363,0.7786120559679363,0.9999999999999999,1.0000000000000002,1.0000000000000002,1.0000000000000002,1.0,1.0,0.0,0,10825,15,15,0.05682175001129508,random_n6_b3_g3,39,20260830,"(0.9054972155642035, 0.23954947962447493, 0.40695516573686435, 0.6609147281252928, 0.3052645398479935, 0.2687336225822347)","(0.4592053516601998, 0.08445419819760633, 0.6694370903202541, 0.1348528345794303, 0.0784886024073346, 0.3362884247880321)"
6,3,3,3.6341685302164963,3.533992112597239,3.5165272579007865,3.5165272579007865,3.5884098713194073,3.5884098713194073,1.0283465311827293,0.9724348453335792,0.9676291092893533,0.9676291092893533,0.9874087680533729,0.9874087680533729,0.0,0,10825,15,15,0.05438599968329072,random_n6_b3_g3,40,20260830,"(1.0521255054783083, 1.8429655819063218, 1.7689986061524665, 0.6214405174352491, 1.0059746301574841, 1.2513362567785202)","(0.8567475653923319, 0.8513090283115146, 0.47491800661525274, 0.5453753457450008, 0.33131533095701965, 0.4513920172184604)"
6,3,3,0.7575864984908742,0.757586498490874,0.7410143199872126,0.7062085909757252,0.7343461198023346,0.7343461198023346,1.0000000000000002,0.9999999999999997,0.9781250345186012,0.9321821236023943,0.9693231350679626,0.9693231350679626,0.0,0,10825,15,15,0.053748708218336105,random_n6_b3_g3,41,20260830,"(0.2787647293421721, 0.21908224695310913, 0.3137602583173781, 0.45662676926086787, 0.2559645693891168, 0.17934955116460466)","(0.42070325148390775, 0.6721204959627527, 0.5884418837450662, 0.6172786974713381, 0.8597819579158209, 0.5432620594587116)"
6,3,3,1.8982575523885161,1.867937208685887,1.8561811997598188,1.5526252693232983,1.87710543843326,1.87710543843326,1.0162319930036405,0.9840272761383312,0.9778342235089469,0.8179212917497313,0.9888570895300055,0.9888570895300055,0.0,0,10825,15,15,0.05350220808759332,random_n6_b3_g3,42,20260830,"(0.12217527814650579, 0.6842398521901457, 0.17440548191666855, 1.9963559896376994, 0.6878023005869225, 0.10490409513458797)","(0.9056193315755527, 0.1397896049258473, 0.7933049750250472, 0.5092973332002766, 0.9091634473144239, 0.7423309276747256)"
6,3,3,2.6048338087065472,2.5928835723936983,2.5928835723936983,2.410188300069818,2.561326082045281,2.5412955134972526,1.0046088595878668,0.9954122845484784,0.9954122845484784,0.9252752678554252,0.9832973118991916,0.9756075435611591,0.020030568548028427,0,10825,15,15,0.0543894162401557,random_n6_b3_g3,43,20260830,"(0.8541592601799985, 0.9132135908734844, 1.6713672682793634, 0.16809603201235127, 0.2854058698716583, 1.255395973356949)","(0.8401212889672911, 0.3110292651942873, 0.6184666592802474, 0.5576905002420541, 0.7890300974148634, 0.6402781318465498)"
6,3,3,2.4893059987274215,2.4752887638950467,2.4046090812038776,1.966797335255694,2.425099976571365,2.425099976571365,1.005662868525415,0.9943690189797716,0.9659756905873194,0.7900986605347662,0.9742072601002529,0.9742072601002529,0.0,0,10825,15,15,0.053639874793589115,random_n6_b3_g3,44,20260830,"(0.3076715757849861, 0.47407693397205763, 0.45125389605378813, 1.2556527020851629, 0.21694191694533813, 0.5909126184743047)","(0.842334066840578, 0.8115915202507908, 0.8430632996195039, 0.9443863121176084, 0.07754021495772269, 0.7737467908885269)"
6,3,3,0.35058249895290056,0.34741857312729696,0.33625740732626525,0.33625740732626525,0.34963309126005104,0.34963309126005104,1.0091069564793944,0.9909752316928158,0.9591391707531874,0.9591391707531874,0.9972919136132432,0.9972919136132432,0.0,0,10825,15,15,0.05351154180243611,random_n6_b3_g3,45,20260830,"(0.2616688095077752, 0.186579323250137, 0.13509416356938517, 0.1714339949170429, 0.22744082885268435, 0.10492477963713953)","(0.143900646343818, 0.517306950492218, 0.608989475368673, 0.5406034632547053, 0.43068632011900093, 0.9110652459168491)"
6,3,3,1.396797468219928,1.393660615818396,1.3936606158183962,1.2835113905890723,1.3778521015389098,1.3778521015389098,1.0022508007802817,0.9977542539466873,0.9977542539466875,0.9188958455263905,0.9864365685705587,0.9864365685705587,0.0,0,10825,15,15,0.05430800002068281,random_n6_b3_g3,46,20260830,"(0.7063176633814668, 0.6442740991285252, 0.11971575576025022, 0.27482097077121803, 1.7624625433142034, 0.23960462434190194)","(0.2918635669195798, 0.40467528190917135, 0.40664036680948346, 0.8981667391636295, 0.4303774926463272, 0.8103511294029461)"
6,3,3,1.4347112858360866,1.403464631828177,1.4034646318281772,1.0196784353130486,1.4151100348514265,1.41479640568437,1.0222639411776322,0.9782209463908269,0.9782209463908271,0.7107202998816761,0.9863378428969161,0.9861192420047695,0.0003136291670564617,0,10825,15,15,0.05372545775026083,random_n6_b3_g3,47,20260830,"(0.2124441878610026, 0.15078375113310227, 1.1603373786939828, 0.12114763795677808, 0.8546797935811361, 0.1845133736800987)","(0.5637074236461117, 0.7343973023918319, 0.45797525309189546, 0.7961768805416035, 0.8335355539068409, 0.49219009885437204)"
6,3,3,2.8123641497115024,2.7721971252982986,2.6438742736788985,2.257330203193384,2.801021224364299,2.801021224364299,1.014489238173812,0.9857177014515264,0.9400895947098856,0.802645064091343,0.9959667650619259,0.9959667650619259,0.0,0,10825,15,15,0.05394141701981425,random_n6_b3_g3,48,20260830,"(0.40634464011136634, 1.43153059111432, 0.3786243564636685, 0.5436625611563158, 1.2003759022550244, 0.7053675480075285)","(0.4267708709980628, 0.9418673156553736, 0.2570055551667228, 0.8244354987790764, 0.6376812969882129, 0.4886275940870434)"
6,3,3,1.131938075896352,1.1319380758963522,1.1319380758963522,1.048133343285959,1.1059012908557055,1.1059012908557055,0.9999999999999998,1.0000000000000002,1.0000000000000002,0.9259635006587881,0.9769980482191761,0.9769980482191761,0.0,0,10825,15,15,0.05383029207587242,random_n6_b3_g3,49,20260830,"(0.11733406545490672, 0.2535575603304415, 1.1066170107355524, 0.14030118782646558, 0.12131338024371792, 0.3086404110224242)","(0.3663812112969875, 0.20889488787153576, 0.6259185360435534, 0.8653034655673548, 0.914407326797232, 0.7526108125318814)"
6,3,3,2.1198513233045606,2.077879416829929,2.077879416829929,2.077879416829929,2.0778794168299286,2.0778794168299286,1.0201993946976313,0.9802005423619978,0.9802005423619978,0.9802005423619978,0.9802005423619976,0.9802005423619976,0.0,0,10825,15,15,0.054662083741277456,random_n6_b3_g3,50,20260830,"(0.5683390715697832, 1.2101359630371256, 0.5265886438513825, 1.9498906880254445, 0.13608071555198514, 0.4860783987376106)","(0.46411413569893806, 0.13585247549947807, 0.6762452843157408, 0.7477353174818782, 0.239374564396655, 0.44149174436567584)"
6,3,3,2.9692672196555225,2.8905743034344837,2.8672632480481384,2.289107662754074,2.9692672196555225,2.9692672196555225,1.0272239728027537,0.97349752972716,0.9656467525279796,0.770933531209644,1.0,1.0,0.0,0,10825,15,15,0.05298666702583432,random_n6_b3_g3,51,20260830,"(1.593999372343893, 0.33452898032613937, 0.14712711942961257, 1.0462635220004362, 1.5267329506424208, 0.32540966509510827)","(0.9488522034488467, 0.922633425285318, 0.7666755339062118, 0.25294258394942176, 0.5988620785964829, 0.587870281534518)"
6,3,3,1.5514664924339736,1.5514664924339734,1.5514664924339736,1.2451243658336244,1.4961685181944084,1.4961685181944084,1.0000000000000002,0.9999999999999999,1.0,0.8025467336263555,0.9643576097136248,0.9643576097136248,0.0,0,10825,15,15,0.05406354181468487,random_n6_b3_g3,52,20260830,"(0.18637239452422857, 0.5214038266625789, 0.1384272979284413, 1.125379354655986, 1.462644132637806, 0.6636502059496806)","(0.8284493854839007, 0.6402686994739738, 0.14052641319949474, 0.669881310731537, 0.07338249629073171, 0.6361333145132659)"
6,3,3,1.6626137427901364,1.6414371543272164,1.6414371543272166,1.3783683432375973,1.6626137427901364,1.6626137427901364,1.0129012484011912,0.9872630738469764,0.9872630738469766,0.8290370203030265,1.0,1.0,0.0,0,10825,15,15,0.05397950019687414,random_n6_b3_g3,53,20260830,"(0.7013337684974555, 0.5946488214838405, 0.3026839475697689, 1.4632147494257162, 0.7114744178290675, 0.5380249018329838)","(0.8411054630267465, 0.41318652747238954, 0.1365214675051128, 0.5507329726827119, 0.1827128670641277, 0.09089684291358086)"
6,3,3,0.5288991648859073,0.5288991648859072,0.5288991648859072,0.5288991648859072,0.5288991648859072,0.5288991648859072,1.0000000000000002,0.9999999999999998,0.9999999999999998,0.9999999999999998,0.9999999999999998,0.9999999999999998,0.0,0,10825,15,15,0.05390470800921321,random_n6_b3_g3,54,20260830,"(0.41730116514460636, 0.25327363181374457, 0.5979927415499541, 0.1962155013199067, 0.2992856205919677, 0.1340922457797381)","(0.24484817878370863, 0.11135883261548404, 0.564892203534137, 0.08446641270363364, 0.12494491656055721, 0.6631427239306773)"
6,3,3,1.5894308615330384,1.5489230521104451,1.5489230521104453,1.4685341120066047,1.5838008164158446,1.5838008164158446,1.0261522413055963,0.9745142677149715,0.9745142677149716,0.9239370818496463,0.9964578232036067,0.9964578232036067,0.0,0,10825,15,15,0.054381290916353464,random_n6_b3_g3,55,20260830,"(0.2636550491774942, 0.10561686887801601, 1.060647439768473, 0.5289043509079132, 0.12889328316401186, 0.3124953679683675)","(0.5644325207870353, 0.5282224898576399, 0.8682308192878082, 0.9060632071879122, 0.11148748690347357, 0.22164405520156938)"
6,3,3,1.0494738055994337,1.0494738055994337,1.0494738055994337,1.0494738055994337,1.049473805599434,1.049473805599434,1.0,1.0,1.0,1.0,1.0000000000000002,1.0000000000000002,0.0,0,10825,15,15,0.05445016594603658,random_n6_b3_g3,56,20260830,"(0.7677762813110339, 1.4151633698074808, 0.10909206221556739, 0.12914620921533734, 0.17174939567816083, 0.3134300892075277)","(0.5949104139026035, 0.34005056957771207, 0.41169059009860676, 0.4417681478749767, 0.0842685727231274, 0.3557048100692018)"
6,3,3,0.9998383203806837,0.9746743221901786,0.9746743221901786,0.9746743221901786,0.9989054486618539,0.9989054486618539,1.0258178528125779,0.9748319326459461,0.9748319326459461,0.9748319326459461,0.9990669774304364,0.9990669774304364,0.0,0,10825,15,15,0.05360604077577591,random_n6_b3_g3,57,20260830,"(0.2543439902579598, 0.8636699172957923, 0.32177356678814634, 0.9046708234420991, 0.5657381373207, 0.5377340598536259)","(0.7845050199609924, 0.3436152190009638, 0.05058629541593096, 0.20144872810023606, 0.1674450933351791, 0.797663368604883)"
6,3,3,0.5907355698909837,0.5907355698909837,0.5907355698909837,0.5907355698909837,0.5907355698909837,0.5907355698909837,1.0,1.0,1.0,1.0,1.0,1.0,0.0,0,10825,15,15,0.053880167193710804,random_n6_b3_g3,58,20260830,"(0.22115604163475358, 0.22997985646981, 0.8282818545280622, 0.9238485962089958, 0.6115207675747255, 0.356771446527495)","(0.35621842150495797, 0.25999432964218566, 0.07280278475628156, 0.22753357052147416, 0.49344055037347523, 0.0782412908656875)"
6,3,3,2.3558873563773517,2.3558873563773517,2.3558873563773517,2.221761603597215,2.2373832718553426,2.2373832718553426,1.0,1.0,1.0,0.9430678413307579,0.949698747607257,0.949698747607257,0.0,0,10825,15,15,0.05422337492927909,random_n6_b3_g3,59,20260830,"(1.1483361296157286, 0.2000064303348211, 0.5650271550341777, 1.3025550737725402, 1.4448456765577973, 1.3079006034890932)","(0.41911936065200694, 0.11719308296312012, 0.6540123282771285, 0.6164420741017261, 0.5113783234853504, 0.6224286793081868)"
6,3,3,1.523187828870143,1.523187828870143,1.5231878288701433,1.373246911506861,1.4319733105117218,1.4319733105117218,1.0,1.0,1.0000000000000002,0.9015611111634841,0.940116040432071,0.940116040432071,0.0,0,10825,15,15,0.07741291727870703,random_n6_b3_g3,60,20260830,"(0.41587235647275095, 0.8561448412281709, 0.10208424485588245, 1.794799167441027, 0.5074523036146622, 0.10543279338476122)","(0.6828734567501923, 0.49521977682559437, 0.5282368819171126, 0.4542122555125015, 0.25197633749718334, 0.7773891097562855)"
6,3,3,0.9196739104561973,0.9062570463419684,0.8888714858263671,0.7655014947672908,0.9078512073320675,0.9078512073320675,1.0148047004637206,0.9854112811490177,0.9665072323139504,0.8323618687710403,0.9871446792284613,0.9871446792284613,0.0,0,10825,15,15,0.05427583307027817,random_n6_b3_g3,61,20260830,"(0.16947284023629625, 0.1479435286282498, 0.17960753053375778, 0.417751007313461, 0.5148023471425451, 0.1725005918084024)","(0.6931274008297801, 0.23139500570466615, 0.17933715949120732, 0.9187948826265754, 0.6614296914933303, 0.694163767950225)"
6,3,3,1.8592237589759095,1.8319932867527648,1.8319932867527648,1.6295763578229838,1.8592237589759095,1.8592237589759095,1.0148638493492577,0.9853538488352023,0.9853538488352023,0.8764821070921451,1.0,1.0,0.0,0,10825,15,15,0.0534724579192698,random_n6_b3_g3,62,20260830,"(0.6153599730962426, 1.053077340443965, 0.5563804530698143, 0.13481969866160196, 1.5357286087962334, 0.2970661615357142)","(0.5027659437599181, 0.18826567145208184, 0.7421595482878346, 0.1871006807775834, 0.7225809150422086, 0.1309992453732135)"
6,3,3,1.4893299159164,1.4893299159164,1.4893299159164,1.4893299159164,1.4893299159164,1.4893299159164,1.0,1.0,1.0,1.0,1.0,1.0,0.0,0,10825,15,15,0.054835709277540445,random_n6_b3_g3,63,20260830,"(0.29968958791931843, 0.22638474440917558, 1.2499326070325918, 1.6009992659893788, 0.13305860497517694, 0.2387930172379418)","(0.6562300591181217, 0.10914526756714163, 0.5871574052349241, 0.31657288372468234, 0.397882259100723, 0.7034860068285934)"
6,3,3,2.011657757708333,2.007384555828269,2.0073845558282692,1.4642975818731185,1.997874324623963,1.997874324623963,1.002128741036518,0.997875780875902,0.9978757808759022,0.7279059155376592,0.9931482216437889,0.9931482216437889,0.0,0,10825,15,15,0.054338582791388035,random_n6_b3_g3,64,20260830,"(0.20219489211674072, 0.22728664938612797, 0.3797374249187229, 1.186965091763448, 0.8771626491925069, 1.627469738363127)","(0.6848723429087865, 0.06925536848822428, 0.6769564093870034, 0.7812618966408366, 0.11377063070180808, 0.4978608212304954)"
6,3,3,1.9030278705322812,1.864060649742712,1.8494446996314384,1.8494446996314384,1.8932277255650576,1.8932277255650576,1.0209044811900019,0.97952356799763,0.9718432022302146,0.9718432022302146,0.9948502357117437,0.9948502357117437,0.0,0,10825,15,15,0.05381720932200551,random_n6_b3_g3,65,20260830,"(0.3232983368891136, 0.11741942161865355, 0.6738548878937013, 0.6498339581668875, 0.14503857426617722, 0.7965695335146118)","(0.6439684934901693, 0.8103148338227159, 0.9261174952913933, 0.5259185542450654, 0.694144438032165, 0.938261262383287)"
6,3,3,1.2151407673843524,1.2151407673843526,1.2090056942175949,1.0857453357836047,1.187859776312553,1.187859776312553,0.9999999999999998,1.0000000000000002,0.9949511420146296,0.8935140396291061,0.9775491105194972,0.9775491105194972,0.0,0,10825,15,15,0.05544037465006113,random_n6_b3_g3,66,20260830,"(1.6169302806439914, 0.29949054948647624, 0.8885275584189418, 0.3151301774004922, 0.4321724875190163, 0.32454658130946024)","(0.3191291927134407, 0.4238954780023534, 0.3543502627309683, 0.9073434090848186, 0.4050451013387706, 0.6515193596245007)"
6,3,3,3.4753238125371584,3.402451141722071,3.4024511417220715,3.192455468385774,3.4753238125371584,3.4753238125371584,1.0214176979417857,0.9790314011741292,0.9790314011741293,0.918606622171165,1.0,1.0,0.0,0,10825,15,15,0.05789558310061693,random_n6_b3_g3,67,20260830,"(0.3059749519155217, 0.898922706940701, 1.706326423936921, 1.9001419895892295, 0.29428900249516005, 0.14699028076418455)","(0.43607871999304243, 0.8318480467548054, 0.5178981380270347, 0.9320254884370485, 0.33790116515924595, 0.7018091346700464)"
6,3,3,1.9779062963961587,1.9553863243180802,1.9553863243180802,1.5168880295375995,1.9779062963961587,1.9779062963961587,1.0115168914694808,0.9886142371258381,0.9886142371258381,0.7669160224129137,1.0,1.0,0.0,0,10825,15,15,0.05607924982905388,random_n6_b3_g3,68,20260830,"(0.9098353495544648, 0.7598390350226888, 0.24452176917746013, 1.8949181489515217, 1.9129212297306908, 0.41121061795703306)","(0.9329736446281082, 0.11643920296764759, 0.4540171188885939, 0.22588625767190557, 0.3546920502665185, 0.3763282040705408)"
6,3,3,2.2597939721421914,2.2597939721421914,2.23627729682589,2.1520011066889926,2.192079294914616,2.192079294914616,1.0,1.0,0.989593442762391,0.9522996933428336,0.9700350217487372,0.9700350217487372,0.0,0,10825,15,15,0.05427299998700619,random_n6_b3_g3,69,20260830,"(0.46375403756778266, 0.30884885493314235, 1.6736647478477558, 0.7428071156161404, 0.34977837253466226, 0.13379808509293564)","(0.6711228930665648, 0.8399511286823896, 0.6392910656716548, 0.716150820093952, 0.9339746552839994, 0.10097471116371431)"
6,3,3,1.5307988105580452,1.494285049729971,1.494285049729971,1.4630902424187155,1.4855931871979953,1.4855931871979953,1.024435606067713,0.9761472503269301,0.9761472503269301,0.9557691267641847,0.9704692588939428,0.9704692588939428,0.0,0,10825,15,15,0.05463183345273137,random_n6_b3_g3,70,20260830,"(0.5132973704334939, 0.1805089505506702, 0.26157074243942496, 0.6370978224238718, 1.1230631827571167, 0.24384091289310914)","(0.6571442721451675, 0.9048865224002646, 0.6276987794090818, 0.3237427091135218, 0.7795319150581795, 0.19530739596178803)"
6,3,3,1.1489250970677318,1.1200584831256748,1.0858901573928956,1.0837550793601785,1.1294541739819488,1.1294541739819488,1.0257724166880116,0.9748751123848457,0.9451357274414903,0.9432774008733213,0.9830529221308888,0.9830529221308888,0.0,0,10825,15,15,0.05687787476927042,random_n6_b3_g3,71,20260830,"(0.39483587910732765, 0.35203366681008075, 0.3559153990539138, 0.7201140578293407, 0.1877020855207108, 1.0025869450103255)","(0.4012783966133226, 0.9164845995615568, 0.2856784102719217, 0.6173854487647873, 0.15601653042609165, 0.3178465309820992)"
6,3,3,1.653347094362689,1.6533470943626893,1.6533470943626893,1.6533470943626893,1.6533470943626891,1.6533470943626891,0.9999999999999998,1.0000000000000002,1.0000000000000002,1.0000000000000002,1.0000000000000002,1.0000000000000002,0.0,0,10825,15,15,0.05517025012522936,random_n6_b3_g3,72,20260830,"(1.7719139845309182, 0.3792071757961771, 0.12541336946531093, 1.5129279644402214, 0.10112350472629415, 0.6764549662590229)","(0.3386541185807479, 0.07862295546011379, 0.7121667845427021, 0.4002470489617265, 0.5771337557094806, 0.6618861491219445)"
6,3,3,1.6087759432838453,1.6087759432838453,1.6087759432838455,1.6087759432838455,1.6087759432838455,1.6087759432838455,1.0,1.0,1.0000000000000002,1.0000000000000002,1.0000000000000002,1.0000000000000002,0.0,0,10825,15,15,0.05534308264032006,random_n6_b3_g3,73,20260830,"(0.1589296179492508, 0.12774375840225227, 0.500961694184803, 1.32406794595758, 1.104473642836837, 0.1738185724431632)","(0.21722058006977757, 0.3645856879223006, 0.3430379219882179, 0.4305907950976868, 0.7848042556048657, 0.17767465487310474)"
6,3,3,1.556026832257376,1.556026832257376,1.556026832257376,1.556026832257376,1.556026832257376,1.556026832257376,1.0,1.0,1.0,1.0,1.0,1.0,0.0,0,10825,15,15,0.05624591698870063,random_n6_b3_g3,74,20260830,"(0.9650792643025605, 0.11790034927096725, 0.14147891539182192, 1.3065441337644454, 0.10387826207868799, 0.4431098171526158)","(0.7919339026052044, 0.10250142346817084, 0.3618791457601953, 0.39285907868746595, 0.820343955100441, 0.6205676915591357)"
6,3,3,1.457337085356666,1.387004391581015,1.387004391581015,1.3533115016788972,1.4573370853566663,1.4573370853566663,1.0507083425276544,0.9517388979650937,0.9517388979650937,0.9286194081499616,1.0000000000000002,1.0000000000000002,0.0,0,10825,15,15,0.055102291982620955,random_n6_b3_g3,75,20260830,"(0.7440663946297386, 0.2158756730436326, 0.4121059744910328, 0.1349410763463547, 0.6165034312168969, 0.5941114711295783)","(0.8541649414664392, 0.34230648145732095, 0.3896535804511566, 0.24866258382602313, 0.4441646253875571, 0.8039231201516264)"
6,3,3,1.9271958712743802,1.92719587127438,1.9271958712743802,1.4140986306688108,1.7270649450160827,1.7119328050616067,1.0000000000000002,0.9999999999999999,1.0,0.7337596825244971,0.8961543404895536,0.888302445318945,0.015132139954475932,0,10825,15,15,0.05710308440029621,random_n6_b3_g3,76,20260830,"(0.22129924535051848, 0.9613170216575936, 0.16006248146966853, 0.6960834848508352, 1.4811943824983054, 0.2773976665125347)","(0.14210127905979242, 0.7028988263122036, 0.21307365320723726, 0.7267683718880257, 0.5033747176360108, 0.15859587355930888)"
6,3,3,1.5318718848675879,1.5318718848675879,1.5318718848675879,1.4462860355966307,1.483841575270199,1.483841575270199,1.0,1.0,1.0,0.9441298909416599,0.9686460009666275,0.9686460009666275,0.0,0,10825,15,15,0.05826424993574619,random_n6_b3_g3,77,20260830,"(0.17167232422960296, 0.6440420203933621, 0.2714849583164202, 0.577804597538414, 1.7288674893859663, 0.3612012385872058)","(0.4163776344957758, 0.4251716077579639, 0.6459526030226953, 0.1298582574642284, 0.5650361879465912, 0.6879885594727895)"
6,3,3,1.7737325215234474,1.7662001095692117,1.7662001095692115,1.7662001095692115,1.7662001095692117,1.7662001095692117,1.0042647556827935,0.9957533552196662,0.9957533552196661,0.9957533552196661,0.9957533552196662,0.9957533552196662,0.0,0,10825,15,15,0.05386916734278202,random_n6_b3_g3,78,20260830,"(0.10159556551898626, 1.6045545767250273, 0.1749023434163611, 1.0655975820232657, 0.13319506724337932, 0.13958902260990022)","(0.4609439028421227, 0.7595668965158993, 0.5537980434649502, 0.37204415670179086, 0.8430823537520179, 0.6565117621648651)"
6,3,3,1.311126292803905,1.284330267299309,1.2843302672993093,1.283331633115091,1.283331633115091,1.283331633115091,1.0208638122038052,0.9795625900787244,0.9795625900787246,0.9788009287576914,0.9788009287576914,0.9788009287576914,0.0,0,10825,15,15,0.05452391691505909,random_n6_b3_g3,79,20260830,"(0.6181311888896911, 0.23466736130100005, 0.17723153415773446, 0.5117125893508522, 1.3430680150036793, 0.15780067401376816)","(0.385602133060951, 0.3136182496138459, 0.3234313251446465, 0.2430188659901169, 0.6785086975439227, 0.8278465169748255)"
6,3,3,1.2795079407994994,1.2711693342673063,1.2711693342673063,1.1832192954351808,1.2365043686654391,1.2365043686654391,1.0065597920807297,0.9934829583574271,0.9934829583574271,0.9247455664056663,0.9663905390792733,0.9663905390792733,0.0,0,10825,15,15,0.054055375047028065,random_n6_b3_g3,80,20260830,"(0.1107512752361166, 0.30438580481048905, 0.4333453472416349, 1.0808561973874624, 0.1957116247965491, 0.8623952416000457)","(0.07256848275596377, 0.46240684097467627, 0.7992111411684483, 0.3136655199168749, 0.4178350955995566, 0.6792797031005047)"
6,3,3,1.715170019813405,1.715170019813405,1.715170019813405,1.715170019813405,1.7151700198134052,1.7151700198134052,1.0,1.0,1.0,1.0,1.0000000000000002,1.0000000000000002,0.0,0,10825,15,15,0.05399683304131031,random_n6_b3_g3,81,20260830,"(0.10875275484097996, 0.20376987990404116, 0.2277955846622281, 1.302959538493883, 1.9488859966071153, 0.27730588162565145)","(0.9049290495530317, 0.1931318874551431, 0.5317983279704007, 0.1972932731662958, 0.6650693931333517, 0.3022710810042526)"
6,3,3,1.1506897530001667,1.1506897530001667,1.1506897530001667,1.1506897530001665,1.1506897530001667,1.1506897530001667,1.0,1.0,1.0,0.9999999999999998,1.0,1.0,0.0,0,10825,15,15,0.054520958103239536,random_n6_b3_g3,82,20260830,"(0.36107038628531585, 1.0873038891272377, 0.8422973925955272, 0.12644396165389696, 0.15037948301694534, 0.7130112248151319)","(0.3862148863534094, 0.5119636424279238, 0.22829137542960393, 0.8480960309378135, 0.2652889503512816, 0.5634419897446903)"
6,3,3,0.631934222169872,0.6319342221698722,0.6216413459311076,0.5928150053839414,0.631934222169872,0.631934222169872,0.9999999999999998,1.0000000000000002,0.9837121081947078,0.9380960621951965,1.0,1.0,0.0,0,10825,15,15,0.054699708707630634,random_n6_b3_g3,83,20260830,"(0.19233138564878705, 0.10940416476420764, 0.18230416532864982, 0.6992369593780073, 0.10028769455976524, 0.11719986545792054)","(0.7113266487089552, 0.4698536592467244, 0.9129896529100114, 0.3104176739759704, 0.937479733662288, 0.7390064532848677)"
6,3,3,2.2705253356674415,2.2319486141476084,2.2319486141476084,1.9036255112985883,2.2705253356674415,2.2705253356674415,1.0172838752986102,0.983009781518913,0.983009781518913,0.8384075180288619,1.0,1.0,0.0,0,10825,15,15,0.0543159581720829,random_n6_b3_g3,84,20260830,"(0.1492625183642562, 0.3562209592847818, 0.384021782036801, 0.13954593330436796, 1.2377247021233564, 1.3112247928064718)","(0.8523414128597897, 0.07881080026704332, 0.39496760555510296, 0.5456460258910106, 0.7790305535420977, 0.8299069455646174)"
6,3,3,1.6484372601244055,1.648437260124405,1.6484372601244053,1.648437260124405,1.6484372601244055,1.6484372601244055,1.0000000000000002,0.9999999999999998,0.9999999999999999,0.9999999999999998,1.0,1.0,0.0,0,10825,15,15,0.054764790926128626,random_n6_b3_g3,85,20260830,"(1.5494724423008863, 0.11932379882337406, 0.293808100470571, 0.3086155031308652, 1.2727846934629061, 1.1402851769577693)","(0.34294802699514765, 0.3397149375221163, 0.2883922127846458, 0.6716496666927729, 0.6418829300647174, 0.26315344690618847)"
6,3,3,1.929391576933145,1.8962534128236543,1.8962534128236543,1.8962534128236543,1.9244095165077941,1.9244095165077941,1.0174755989285975,0.9828245523067095,0.9828245523067095,0.9828245523067095,0.9974178075177098,0.9974178075177098,0.0,0,10825,15,15,0.05455066682770848,random_n6_b3_g3,86,20260830,"(0.25383093804938867, 0.47781772925150645, 1.251947577693655, 0.2148447675004517, 0.9233541719991428, 1.4506865298476324)","(0.1703802256301969, 0.7636866851828087, 0.4509993226693534, 0.6407607397513714, 0.840021305214731, 0.2983110299070211)"
6,3,3,1.039052736838673,1.0389875157271387,1.0389875157271387,1.0389875157271387,1.0389875157271382,1.0389875157271382,1.0000627737201335,0.9999372302201591,0.9999372302201591,0.9999372302201591,0.9999372302201587,0.9999372302201587,0.0,0,10825,15,15,0.054339167196303606,random_n6_b3_g3,87,20260830,"(0.471430152655584, 1.6782954569461046, 0.11581691308975385, 0.24935107536456827, 0.4159065711176018, 0.18600293805854207)","(0.14742705451443555, 0.3817544022099371, 0.2549022622736391, 0.19432438299999139, 0.7905363868866434, 0.13175375484912683)"
6,3,3,2.5435809083858927,2.521708282201333,2.521708282201333,2.521708282201333,2.5217082822013333,2.5217082822013333,1.0086737337300038,0.9914008529815393,0.9914008529815393,0.9914008529815393,0.9914008529815396,0.9914008529815396,0.0,0,10825,15,15,0.0541772092692554,random_n6_b3_g3,88,20260830,"(0.3871678469197764, 1.0108986574871677, 0.11416980724863789, 1.570702802548069, 0.1055424761509537, 1.4438003712555618)","(0.12645882555762494, 0.5162220665494767, 0.8524502452827531, 0.4160261534515967, 0.6330156699267286, 0.9325434941055137)"
6,3,3,1.0423216982318615,1.0227025169822128,1.0227025169822128,0.9344633731158286,1.0212435772643058,1.0212435772643058,1.019183663796527,0.9811774222076259,0.9811774222076259,0.8965210785700826,0.9797777202534386,0.9797777202534386,0.0,0,10825,15,15,0.05440033273771405,random_n6_b3_g3,89,20260830,"(0.2164051684518612, 0.9382835993218581, 0.10187537150882721, 1.0244133416798498, 0.11609274179835505, 0.22184744924401795)","(0.86413516004225, 0.1360306110384422, 0.6990412440877711, 0.6860558204845398, 0.17680732741812982, 0.30049557959720297)"
6,3,3,1.1173362191271672,1.0785836639695803,1.0372156939952988,1.031890542160699,1.1173362191271672,1.1173362191271672,1.0359291137554998,0.9653170151524674,0.9282932712997916,0.9235273362630131,1.0,1.0,0.0,0,10825,15,15,0.05561887472867966,random_n6_b3_g3,90,20260830,"(0.4207707321231404, 0.19935417255002555, 0.30351267888919153, 0.4567934106231598, 0.31510159487431394, 0.6129873842640552)","(0.27629379318234476, 0.05261914207645468, 0.4994790111558987, 0.5725152992414161, 0.7639354994619626, 0.8727376733888089)"
6,3,3,0.62529391610822,0.6245747370414311,0.6080189054225449,0.6080189054225449,0.6219665396674796,0.6219665396674796,1.0011514699909185,0.9988498543672628,0.9723729749472161,0.9723729749472161,0.9946787001200176,0.9946787001200176,0.0,0,10825,15,15,0.0549727501347661,random_n6_b3_g3,91,20260830,"(0.19738480190504265, 0.23284245880215756, 0.16799960838018083, 0.17265977637279534, 0.3734346026258224, 0.3784085749837858)","(0.20357041800975118, 0.4541957013772889, 0.27992781952024526, 0.8992626668348294, 0.5299690905694667, 0.6141678418741298)"
6,3,3,2.428637369112575,2.369152306728819,2.3094815835885463,2.309481583588546,2.4243833320839143,2.4243833320839143,1.0251081630399226,0.9755068158217907,0.9509371851724541,0.9509371851724538,0.9982483852539027,0.9982483852539027,0.0,0,10825,15,15,0.08378529222682118,random_n6_b3_g3,92,20260830,"(1.4156376606796144, 0.7798780528107898, 0.8049981912417927, 0.5471711122840028, 0.6461100695463321, 1.43186813843614)","(0.07830419398015631, 0.29567730461391056, 0.17898654172345796, 0.5783562916784699, 0.9022646993670104, 0.9400193544859893)"
6,3,3,2.855085585632101,2.748578088437549,2.7001122672481315,2.4378125587330874,2.855085585632101,2.855085585632101,1.0387500350245087,0.9626955150729846,0.9457202547048483,0.8538492054322668,1.0,1.0,0.0,0,10825,15,15,0.05523566668853164,random_n6_b3_g3,93,20260830,"(0.298044313967853, 0.8737382330624096, 0.2537282809325609, 1.8470785388186328, 0.7539969865631567, 0.6767095100338036)","(0.1088905600007261, 0.7223342492270295, 0.8121893900442716, 0.936507534471275, 0.34228173647711535, 0.44883151081696926)"
6,3,3,3.069235113873481,2.9890847379795424,2.913292723109721,2.372089837127105,2.979163114483063,2.895156173158465,1.0268143538640915,0.9738858794063562,0.9491917741788914,0.7728602564218175,0.9706532748230082,0.9432826309303747,0.08400694132459785,0,10825,15,15,0.054056750144809484,random_n6_b3_g3,94,20260830,"(0.47878009592908294, 1.31992352838716, 0.13048412281231925, 0.1921141543514749, 0.6821884356755146, 1.4704695803187788)","(0.6004546665231149, 0.8014115911260675, 0.6433273521145558, 0.26825608671320805, 0.8261393543018678, 0.8701856663863627)"
6,3,3,2.0751546857907996,2.0751546857908,2.0751546857908,2.0751546857907996,2.0751546857907996,2.0751546857907996,0.9999999999999998,1.0000000000000002,1.0000000000000002,1.0,1.0,1.0,0.0,0,10825,15,15,0.05564245814457536,random_n6_b3_g3,95,20260830,"(0.240904049493588, 0.4484813086286951, 0.5030854435473064, 1.789346237417688, 1.9291834334207083, 0.19925850346029983)","(0.6686511531217117, 0.6389672096851112, 0.44990377790068986, 0.5811386725308682, 0.38397548296944156, 0.09942477387173984)"
6,3,3,1.3523477511061435,1.2964537109189191,1.2964537109189191,1.0407075049719663,1.3054782511113927,1.3031804462354015,1.0431130241800974,0.9586688851728365,0.9586688851728365,0.7695561323784705,0.9653421244968876,0.963643001712743,0.002297804875991183,0,10825,15,15,0.05557562503963709,random_n6_b3_g3,96,20260830,"(0.25290044264852274, 0.5407577491826251, 0.4566509812287267, 0.13573012700244447, 0.7840720367900463, 0.23976216853161586)","(0.8437040923506236, 0.23163318152854706, 0.7945089332783203, 0.8632470952601446, 0.8297592506791018, 0.31141956858335096)"
6,3,3,0.6954424277852833,0.6949294238171397,0.6784291246904087,0.6784291246904087,0.6954424277852833,0.6954424277852833,1.0007382101700713,0.9992623343821899,0.9755360006592416,0.9755360006592416,1.0,1.0,0.0,0,10825,15,15,0.05437933327630162,random_n6_b3_g3,97,20260830,"(0.3416375046055249, 0.21062685149775556, 0.19806519079623636, 0.22766218673169414, 0.2813889460756549, 0.8290840377631878)","(0.359026841221218, 0.8581089537356443, 0.6148903517647797, 0.05721575049501944, 0.6882224371072251, 0.3198739692011995)"
6,3,3,2.0522344032029367,2.0084405836513177,1.991864909027251,1.991864909027251,2.045715418905619,2.045715418905619,1.0218048867903289,0.9786604203285602,0.9705835288203597,0.9705835288203597,0.9968234699276343,0.9968234699276343,0.0,0,10825,15,15,0.055533666629344225,random_n6_b3_g3,98,20260830,"(0.21454070963080688, 1.2614245560620458, 0.39881439480533315, 0.36449034692885, 0.9226542586609028, 0.27362284447643065)","(0.5528389323361298, 0.9468508814166167, 0.3315079869038722, 0.38454959256664367, 0.5140255989521221, 0.9476913392554843)"
6,3,3,1.3114449768735392,1.3114449768735388,1.311444976873539,1.311444976873539,1.3114449768735388,1.3114449768735388,1.0000000000000004,0.9999999999999997,0.9999999999999998,0.9999999999999998,0.9999999999999997,0.9999999999999997,0.0,0,10825,15,15,0.054898124653846025,random_n6_b3_g3,99,20260830,"(1.194407871082709, 0.1863500215027136, 0.3556577729580012, 1.0295054778957877, 0.1921814241604332, 0.12282066663513504)","(0.24716830559895353, 0.33489824286106884, 0.5681853809488473, 0.7908123632643984, 0.0978148179189092, 0.5691190320462964)"
